Time,gX,gY,gZ,aX,aY,aZ,mX,mY,mZ
1525629538.33,0.025513,-0.057664,0.003944,0.012741,0.989532,0.097137,41.50322,59.390945,-360.952179
1525629538.36,0.01817,-0.059769,0.014677,0.019928,0.984589,0.099335,41.577347,59.16638199999999,-361.100739
1525629538.37,0.004302,-0.049051,0.012718,0.026459,0.983932,0.09108,41.500992,58.86615,-361.099304
1525629538.39,0.00852,-0.042672,0.007345,0.018494,0.992157,0.103607,41.577423,59.166504,-361.17572
1525629538.41,0.015795,-0.0363,-0.009774,0.010864,0.994843,0.108444,41.502914,59.241501,-361.326355
1525629538.43,0.01247,-0.023490999999999998,-0.022505,0.000183,1.002045,0.109161,41.276489,58.940704,-361.250397
1525629538.45,0.013427000000000001,-0.025623000000000003,-0.031031,0.004059,0.996964,0.108459,41.051254,58.939697,-361.026062
1525629538.47,0.01884,-0.00966,-0.027904,0.030457,0.986465,0.093338,41.276154,58.86570699999999,-361.249969
1525629538.49,0.017652,-0.037364,-0.032148,0.031021,0.986389,0.09082,41.200699,58.71582,-361.474426
1525629538.51,-0.001458,-0.04155,-0.023399,0.024643,0.991302,0.099808,41.275314,58.71546899999999,-361.099152
1525629538.55,0.008348999999999999,-0.017083,-0.011811,0.012619,0.997986,0.100372,41.502945,59.31605500000001,-361.026764
1525629538.57,0.002806,-0.017052,-0.028773000000000007,0.024506,0.994675,0.089478,41.352844,59.240936,-361.251801
1525629538.59,0.000609,-0.015974000000000002,-0.034067,0.024979,0.992218,0.094025,41.42659,59.015823,-361.02536
1525629538.61,-0.0048850000000000005,-0.038329,-0.042516000000000005,0.019699,0.98822,0.1008,41.502243,59.091492,-361.325531
1525629538.63,-0.002843,-0.048994,-0.047863,0.017792,0.991928,0.1017,41.501938,59.091049,-361.025543
1525629538.65,-0.0014960000000000002,-0.02023,-0.030849,0.021591,0.991272,0.103683,41.428619,59.465836,-361.027832
1525629538.67,0.007178,-0.001086,-0.023504,0.022995,0.997025,0.10231,41.501755,59.016266,-361.17511
1525629538.69,0.023076,-0.017138,-0.029019999999999997,0.023468,0.997925,0.100098,41.425583,58.790817,-361.024109
1525629538.71,0.026342,-0.006495,-0.025867,0.024399,0.994446,0.100082,41.650406,58.716721,-361.173035
1525629538.73,0.011502,-0.020291999999999998,-0.015041999999999996,0.019608,0.993332,0.091446,41.801834,59.017273,-361.249237
1525629538.77,-0.011334,-0.041498,-0.045630000000000004,0.022141,0.969513,0.090668,41.652496,59.16684,-361.250519
1525629538.81,0.036834,0.11604600000000001,-0.065373,0.003845,0.973175,0.107712,41.275574,58.790359,-361.024567
1525629538.83,0.009766,0.166273,-0.107615,0.025772000000000003,1.009491,0.083862,41.576828000000006,59.016602,-361.249908
1525629538.85,-0.05991000000000001,0.18576700000000002,-0.137628,0.028656,1.01329,0.07881200000000001,42.251984,59.01886,-361.397888
1525629538.87,-0.143373,0.202119,-0.160023,0.069412,1.026276,0.068146,42.403519,59.394089,-361.249512
1525629538.88,-0.117868,0.240387,-0.176299,0.07067899999999999,1.018127,0.113525,42.47728,59.168976,-361.023041
1525629538.89,-0.075325,0.229552,-0.185334,0.06546,1.011917,0.118393,42.777557,59.244751,-360.94754
1525629538.9,-0.089063,0.18803499999999998,-0.166009,0.06288099999999999,1.006729,0.082458,42.775818,58.795197,-361.245087
1525629538.92,-0.167126,0.228839,-0.10119199999999999,0.084076,0.98378,0.07743799999999999,43.002136,59.17031899999999,-360.87149
1525629538.94,0.00476,0.14603,-0.076688,0.111786,1.006973,0.139954,43.451462,59.021667,-360.869324
1525629538.96,-0.180749,0.301369,-0.095701,0.0495,1.01059,0.033249,43.378235,59.396561,-360.946564
1525629538.98,-0.336796,0.152698,0.174422,0.121521,1.044083,0.07347100000000001,43.302185,59.245758,-360.570984
1525629539.01,-0.608214,0.9028459999999999,0.772741,0.192123,0.971619,0.090912,42.927582,59.46875,-359.973358
1525629539.02,-0.295146,0.05209,0.719925,-0.011353,0.8989719999999999,0.168228,42.77626,59.24284399999999,-359.672546
1525629539.04,0.071005,-0.189066,0.259894,-0.08520499999999999,1.065292,0.25322,42.477951,59.616943000000006,-359.675507
1525629539.06,-0.103682,0.099576,-0.034917000000000004,-0.091354,0.935394,0.079376,42.252991,59.690826,-359.3765870000001
1525629539.08,-0.1727,0.328988,0.032989,-0.030624,0.956024,0.147568,42.178925,59.915497,-359.30304
1525629539.1,-0.068651,0.312498,0.167954,0.023636,1.035675,0.137253,42.252686,59.690369,-359.076569
1525629539.12,-0.06295,0.136625,0.146591,0.028931,0.975281,0.093079,42.028244,59.76504499999999,-359.302673
1525629539.14,-0.11021500000000001,0.044104000000000004,0.139716,-0.00705,0.978302,0.149612,42.027344,59.6147,-359.076843
1525629539.16,-0.060394,0.065183,0.195518,-0.042984,0.987137,0.194138,42.101776,59.53958100000001,-358.851227
1525629539.18,-0.051119,0.11205599999999999,0.159218,-0.056412,0.973297,0.165588,41.803467,59.913696,-358.854187
1525629539.22,-0.078907,0.08343500000000001,0.074408,-0.011749,0.994568,0.149628,41.50395200000001,59.988022,-359.005493
1525629539.24,-0.078274,0.05463,0.131875,0.012192,0.995346,0.14361600000000002,41.276962,59.611893,-358.704071
1525629539.26,-0.09674400000000001,0.097318,0.183192,0.006226,0.996628,0.10199,41.276276,59.461884,-358.7032470000001
1525629539.28,-0.181766,0.171214,0.195942,-0.005325,0.995117,0.096115,41.353088,59.911789,-358.48053
1525629539.3,-0.193614,0.068941,0.207792,-0.013213999999999998,0.989746,0.121429,40.904434,60.210449,-358.483521
1525629539.32,-0.16697599999999999,0.008073,0.21704299999999999,-0.01532,0.985214,0.175629,40.902588,59.835205,-358.331421
1525629539.34,-0.13233499999999998,0.015368999999999999,0.25600100000000003,-0.042114,0.984909,0.180466,40.602768,59.909088,-358.182739
1525629539.36,-0.123945,0.04092,0.238869,-0.044632,0.97171,0.160385,40.451752,59.683624,-358.181946
1525629539.38,-0.113673,0.054748000000000005,0.20362,-0.047134,0.986588,0.151093,40.227097,59.75796500000001,-358.183044
1525629539.4,-0.037397,-0.113969,0.193103,-0.0849,0.981552,0.172852,40.002319,59.90661600000001,-357.734558
1525629539.42,-0.059032000000000015,-0.175689,0.181658,-0.098267,0.973495,0.191055,39.927582,59.981277,-357.660187
1525629539.44,-0.042236,-0.013733,0.126111,-0.108994,0.974579,0.212906,39.476974,59.830032,-357.735718
1525629539.46,-0.092824,0.05365,0.076706,-0.105301,0.98259,0.16835,39.250534,59.529251,-357.659729
1525629539.48,-0.080515,0.007781999999999998,0.045688,-0.067749,0.972504,0.168015,39.251282,59.679352,-357.735565
1525629539.51,-0.056611,-0.054158000000000005,0.09329,-0.00148,0.992599,0.180618,38.95369,60.278015,-357.439728
1525629539.52,-0.055929,-0.043565,0.23377699999999998,-0.010529,0.992447,0.178772,38.951401,59.753128,-357.511841
1525629539.54,-0.069064,-0.026482,0.29035,-0.065536,0.993469,0.169769,38.652298,59.902573,-357.738586
1525629539.56,-0.059544000000000014,-0.002003,0.278526,-0.105743,0.967529,0.174561,38.276917,59.900879,-357.364685
1525629539.57,-0.0322,0.055492999999999994,0.147277,-0.105164,0.959091,0.183334,37.974854,59.375427,-357.662689
1525629539.59,-0.074918,0.121762,0.130772,-0.083618,0.981567,0.179779,38.126205,59.675873,-357.66391
1525629539.61,-0.081149,0.073777,0.24154,-0.085785,0.986725,0.187576,37.978088,60.125214,-357.516815
1525629539.63,-0.050313,0.058727,0.23584000000000002,-0.119553,0.965912,0.175568,37.678192,60.198975,-357.293121
1525629539.65,-0.10625599999999999,0.129371,0.097096,-0.123856,0.967819,0.193207,37.22702,59.972397,-357.14325
1525629539.67,-0.008354,0.118305,0.077804,-0.110794,0.961044,0.252701,37.226501,59.822617,-357.292419
1525629539.69,0.034469,0.191627,0.161367,-0.119171,0.963455,0.227066,37.076828000000006,59.89717099999999,-357.293274
1525629539.71,-0.020992,0.146028,0.17268699999999998,-0.149094,0.998611,0.115799,37.227432,60.047516,-357.218628
1525629539.73,0.060419000000000014,0.034894,0.047158,-0.14711,0.993698,0.162872,37.076675,59.896942,-357.14328
1525629539.75,0.025623000000000003,0.043593,-0.007763,-0.106964,0.955322,0.198822,36.702087,59.970932,-357.219788
1525629539.77,0.067651,0.054019000000000005,0.11093199999999999,-0.092682,0.986496,0.250244,36.700882,59.671158,-357.3681640000001
1525629539.79,0.13152,0.041989,0.18784800000000001,-0.107086,0.982895,0.24469,36.850708,59.59683199999999,-357.517303
1525629539.81,0.085128,0.049666,0.144777,-0.134903,0.986618,0.16351300000000002,36.551041,59.670929,-357.518616
1525629539.83,0.094013,0.018744,0.092514,-0.146271,0.942093,0.143768,36.626114,59.67126500000001,-357.593353
1525629539.85,0.066521,0.143562,0.087533,-0.131332,0.955078,0.154495,36.25167800000001,59.74548299999999,-357.819885
1525629539.87,0.115388,0.329857,0.118871,-0.13363599999999998,0.978378,0.219406,35.950241,59.444473,-357.744171
1525629539.89,0.10353599999999999,0.356559,0.10411600000000001,-0.148727,0.971542,0.20903,35.875473,59.44458,-357.96936
1525629539.91,0.095311,0.25749299999999997,0.062704,-0.103287,0.960968,0.194702,36.325027,59.29626500000001,-358.1922
1525629539.93,0.134134,0.30204200000000003,0.173988,-0.070755,1.003311,0.199371,36.325363,59.371262,-358.192627
1525629539.95,0.111062,0.340459,0.286029,-0.092514,0.996765,0.100143,36.177124,59.745941,-358.270142
1525629539.97,0.090791,0.382115,0.27776300000000004,-0.141754,0.957748,0.07710299999999999,36.176758,59.596375,-358.569305
1525629539.99,0.070827,0.35984299999999997,0.220531,-0.184174,0.945602,0.128632,35.500137,59.219467,-358.644257
1525629540.01,0.10961800000000001,0.27976100000000004,0.180673,-0.193176,0.952911,0.221512,35.72404500000001,58.995026,-358.567352
1525629540.03,0.12848199999999999,0.211475,0.166604,-0.171051,0.978134,0.209976,35.425095,59.144699,-358.944061
1525629540.05,0.146508,0.14638299999999999,0.170639,-0.131882,0.996506,0.15673800000000002,35.65126,59.37059,-359.094635
1525629540.07,0.10448299999999999,-0.016546,0.257361,-0.133865,1.005325,0.087006,35.202042,59.593918,-358.872223
1525629540.09,0.109173,-0.08266799999999999,0.305197,-0.200607,0.970703,0.080261,34.824646,58.993225,-359.170044
1525629540.11,0.04372,-0.084469,0.188919,-0.268814,0.950592,0.085342,34.525040000000004,59.067444,-359.246368
1525629540.13,0.010245,-0.227066,0.011576000000000001,-0.243225,0.980087,0.090485,34.44783,58.542435,-359.393707
1525629540.14,0.019518,-0.269729,-0.006633,-0.199402,1.0055690000000002,0.121552,34.599945,58.993011,-359.470703
1525629540.16,-0.046157,-0.28123200000000004,0.121893,-0.113876,1.007248,0.091537,34.075866999999995,59.216324,-359.398529
1525629540.18,-0.060546,-0.26314899999999997,0.33707,-0.085938,0.97789,0.086914,33.999786,58.990982,-359.32251
1525629540.21,-0.098593,-0.026407999999999997,0.405661,-0.204361,0.960922,0.087646,33.324554,58.98861700000001,-359.099518
1525629540.22,-0.120656,0.033402999999999995,0.334621,-0.252258,0.957367,0.095169,33.096512,58.312943,-359.096466
1525629540.24,-0.09152300000000001,0.13034300000000001,0.167163,-0.288727,0.941147,0.155502,32.573196,58.686371,-359.100098
1525629540.26,-0.11536400000000001,0.201873,0.122754,-0.254562,0.955994,0.151825,32.798721,58.836823,-358.950256
1525629540.28,-0.118985,0.136844,0.18878699999999998,-0.19133,0.974167,0.146042,32.349762,59.13504,-358.653259
1525629540.32,-0.10105599999999999,0.18146600000000002,0.336515,-0.226868,0.969666,0.15506,32.046721999999995,58.459122,-358.6504520000001
1525629540.34,-0.077606,0.236833,0.2361800000000001,-0.279327,0.929169,0.179535,31.971634,58.458771,-358.575653
1525629540.36,-0.10118400000000001,0.195406,0.14918900000000002,-0.26416,0.934906,0.14718599999999998,31.896378,58.383667,-358.650482
1525629540.38,-0.099313,0.151666,0.22366999999999998,-0.191895,0.972321,0.12941,31.822571000000003,58.683228,-358.50235
1525629540.4,-0.131883,0.022772999999999998,0.378397,-0.146149,0.986282,0.10968,31.146927,58.605743,-358.203949
1525629540.42,-0.114952,-0.20650300000000002,0.500584,-0.144852,0.959595,0.129181,30.771408,58.454849,-358.354218
1525629540.44,-0.147228,-0.24796500000000002,0.574418,-0.180176,0.966629,0.147079,30.319443,58.003601,-358.428131
1525629540.46,-0.170966,-0.115722,0.61303,-0.22641,0.96875,0.158966,29.869476,58.076797,-358.129883
1525629540.48,-0.24609299999999998,0.023142,0.636304,-0.237686,0.962402,0.109604,29.419312,58.075226,-357.981201
1525629540.5,-0.289248,-0.097143,0.709205,-0.244186,1.022202,0.095871,28.445175,58.297089,-357.835358
1525629540.52,-0.2966,-0.228223,0.745479,-0.26921100000000003,1.006958,0.153229,27.617981,57.844376,-357.685364
1525629540.54,-0.395973,-0.242718,0.737115,-0.31208800000000003,0.97168,0.165115,27.167038,57.767136,-357.086273
1525629540.56,-0.535991,-0.059884,0.767571,-0.334412,1.07077,0.14827,26.639557,57.31486500000001,-356.63537599999995
1525629540.58,-0.46357200000000004,-0.355403,0.7294229999999999,-0.34729,1.330688,0.143555,25.44043,57.610611,-356.190613
1525629540.6,-0.5096890000000001,-0.377544,0.627808,-0.190338,1.133911,0.26855500000000004,24.539978,57.607239,-355.7432560000001
1525629540.62,-0.6649619999999999,-0.259809,0.9937219999999999,-0.16781600000000002,1.0703280000000002,0.26326,24.013657,57.380203,-355.443604
1525629540.64,-0.607792,-0.189803,1.203768,-0.183777,1.163239,0.375488,23.036316,57.075821,-354.469849
1525629540.66,-0.575381,-0.307127,1.086288,-0.219345,1.079971,0.34053,21.60791,56.47051999999999,-353.795807
1525629540.68,-0.5735899999999999,-0.324176,1.0617860000000001,-0.224365,0.941132,0.312927,20.482025,56.39135699999999,-353.273773
1525629540.7,-0.5764130000000001,-0.154777,1.2321229999999999,-0.179764,0.933533,0.310333,19.206451,56.461197,-352.3779600000001
1525629540.72,-0.441287,-0.080841,1.4465370000000002,-0.152359,1.031555,0.339798,18.004639,56.156906000000006,-351.929901
1525629540.73,-0.36284099999999997,-0.15261,1.5062440000000001,-0.133179,0.995483,0.331268,16.426575,55.62616,-351.256714
1525629540.74,-0.330434,-0.238035,1.55587,-0.103714,0.954514,0.291656,15.974792,55.249695,-351.18103
1525629540.75,-0.322326,-0.315904,1.623887,-0.069565,0.967667,0.26107800000000003,14.921448000000002,54.571091,-350.880432
1525629540.76,-0.338092,-0.400091,1.747543,-0.028244,1.031876,0.241379,14.247116,54.71907,-350.8832700000001
1525629540.77,-0.356401,-0.471501,1.92232,0.014801,1.152985,0.24144,13.41745,53.815674,-350.280823
1525629540.79,-0.32071700000000003,-0.619987,2.339107,0.041122000000000006,1.046127,0.31839,11.61409,53.134811,-349.9824220000001
1525629540.81,-0.46685,-0.517275,2.8443389999999997,-0.104691,0.914185,0.317139,9.357224,51.776917,-349.23175
1525629540.83,-0.846153,-0.019322,3.5716940000000004,-0.477478,0.992584,0.357529,6.5740050000000005,50.117447,-348.480957
1525629540.85,-0.28729699999999997,0.472815,3.6234129999999998,-0.922195,0.932953,0.372818,3.337967,47.781937,-347.95285
1525629540.87,-0.022425999999999998,0.267768,2.032143,-1.0377809999999998,0.650055,0.215973,1.077774,45.450607,-348.246796
1525629540.89,-0.340335,0.23677600000000001,0.47781,-0.982803,0.326843,0.104309,0.095322,43.797638,-348.240631
1525629540.91,0.09450499999999999,0.032736,-0.218284,-0.799469,0.446869,0.145264,-0.502975,44.170853,-348.244476
1525629540.93,0.296059,-0.643588,-0.785945,-0.483154,0.479004,0.112305,-0.3517,44.471191,-348.170715
1525629540.95,-0.199942,-0.6615439999999999,-1.203493,-0.255722,0.356277,0.08139,0.024857,44.921661,-347.722046
1525629540.97,-0.410283,-0.208779,-1.132788,-0.261292,0.305145,0.147202,0.928619,45.823914,-347.4243160000001
1525629540.99,-0.083497,-0.262407,-1.099534,-0.4136510000000001,0.419601,0.201431,1.60704,46.650513,-347.126801
1525629541.01,0.26158200000000004,-0.33069,-1.833907,-0.542755,0.541092,0.265488,2.435959,47.55278,-346.979279
1525629541.03,0.6070979999999999,-0.399861,-2.96742,-0.621201,0.5392,0.321808,3.64299,49.13130200000001,-346.909363
1525629541.05,0.800603,-0.5292819999999999,-3.780832,-0.577911,0.488449,0.309402,5.7522129999999985,51.16275,-346.9891970000001
1525629541.07,0.654646,-0.39105100000000004,-4.051518,-0.440063,0.548492,0.297699,8.987686,53.422897,-347.2919310000001
1525629541.09,0.5115310000000001,-0.194389,-3.928425,-0.319992,0.683426,0.333771,12.522903,55.60907,-347.668335
1525629541.11,0.557212,-0.135002,-3.6958870000000004,-0.313293,0.852158,0.432144,16.1315,57.420563,-348.117462
1525629541.13,0.811308,-0.089187,-3.6936720000000003,-0.407898,1.022034,0.5136569999999999,20.190796,59.383423,-348.566101
1525629541.15,0.8586229999999999,-0.108471,-3.92096,-0.520859,1.057098,0.439865,23.498642,60.894913,-349.614471
1525629541.17,0.7236630000000001,0.008343999999999999,-4.0736370000000015,-0.502792,1.01947,0.362244,27.479996000000003,62.1082,-350.5092160000001
1525629541.19,0.659862,0.12151500000000001,-3.9046849999999997,-0.353378,1.065079,0.379395,31.533417,62.721359,-351.175446
1525629541.21,0.690294,0.05832100000000001,-3.498474,-0.187073,1.073029,0.403122,36.111145,63.11154200000001,-352.138855
1525629541.23,0.630288,-0.137776,-2.957052,-0.100052,1.029861,0.374725,40.01236,63.199463,-352.952606
1525629541.25,0.473476,-0.319576,-2.4815,-0.073959,1.054794,0.359863,43.388596,63.360367,-353.468353
1525629541.27,0.33538,-0.340447,-2.165825,-0.08189400000000001,1.07988,0.41011,45.790314,63.593582,-354.137451
1525629541.29,0.406021,-0.20656799999999997,-1.914432,-0.133072,1.049088,0.492126,48.038879,63.225647,-354.353668
1525629541.31,0.566413,-0.012279,-1.752477,-0.1409,0.983276,0.4703060000000001,50.212128,62.708054,-354.944275
1525629541.33,0.288081,0.119848,-1.418053,-0.142731,0.907959,0.310364,52.01100200000001,62.33923299999999,-355.461884
1525629541.34,0.035203,0.17619300000000002,-1.080749,-0.159363,0.907318,0.270538,53.88504,62.04539499999999,-355.829681
1525629541.36,0.046544,0.285675,-0.526354,-0.084961,0.983322,0.299118,54.85876500000001,61.748428,-355.900116
1525629541.38,-0.059357000000000014,0.22316799999999998,-0.361149,0.038788,0.953674,0.318497,55.008621,61.748657,-355.749664
1525629541.4,0.011608,0.134338,-0.211945,0.02652,0.930573,0.299408,55.382202,61.449661,-355.671844
1525629541.41,0.061390999999999994,0.12983699999999998,-0.154015,0.01149,0.884659,0.30278,55.683212,61.67556800000001,-355.67218
1525629541.42,0.080916,0.138269,-0.129773,0.0053560000000000005,0.855698,0.288315,55.682281,61.45066800000001,-355.746002
1525629541.44,0.014699,0.183321,-0.14386300000000002,0.021393,0.8502959999999999,0.24220300000000006,55.905334,61.00145,-355.817871
1525629541.46,0.047109,0.224739,-0.119778,0.062119000000000014,0.906097,0.22821,56.283554,61.75236500000001,-355.670807
1525629541.48,0.090611,0.209563,0.037215,0.092102,0.946976,0.23349,56.658295,61.678589,-355.744324
1525629541.5,0.125654,0.046219,0.317772,0.09549,1.032089,0.201599,56.20855699999999,61.752136,-355.671051
1525629541.52,0.177481,0.0032619999999999997,0.550231,0.093567,1.009155,0.20932,55.682129,61.450439,-355.595978
1525629541.54,0.09829199999999999,0.032231,0.8737020000000001,0.049133,0.928757,0.208221,55.232422,61.449539,-355.897339
1525629541.56,-0.16476400000000002,0.13336900000000002,1.241997,-0.009445,1.041992,0.251877,54.18373100000001,61.67186,-356.201721
1525629541.58,-0.233848,0.724321,0.79583,0.079071,1.116776,0.5550229999999999,53.435562,62.19383199999999,-355.681793
1525629541.6,1.09094,1.8821189999999999,-0.6093270000000001,0.481522,1.389877,0.661758,52.685852,62.341019,-355.309845
1525629541.62,0.79974,1.451387,0.095634,0.4496770000000001,1.612473,0.14915499999999998,53.808044,61.520721,-356.202026
1525629541.64,-0.174164,0.759764,2.001019,-0.009842,0.996429,-0.000366,54.03309599999999,61.44696,-356.575928
1525629541.66,0.473667,1.787659,1.9771610000000002,-0.121078,0.445297,0.376602,51.935394,62.040115,-356.21048
1525629541.68,0.22138899999999997,-0.281566,0.708275,-0.117981,1.010773,-0.282883,50.886444,62.187546,-356.589447
1525629541.7,0.10389100000000001,0.06791799999999999,-0.330156,0.021454,1.181778,-0.21830700000000006,49.911499,62.184738,-356.667328
1525629541.72,0.119076,0.48974799999999996,0.039004000000000004,0.01474,0.811264,0.253357,50.287064,62.2612,-356.891632
1525629541.74,0.06449400000000001,0.823147,1.001862,0.034607,0.8510129999999999,0.37561,49.837296,62.26019300000001,-357.117981
1525629541.76,0.27098,1.167524,1.1504860000000001,0.083344,1.1203610000000002,0.427658,49.161453,62.107941,-356.969177
1525629541.78,0.311704,0.640034,0.576283,0.003632,1.002426,0.126099,48.487396,62.330811,-356.89743
1525629541.8,-0.119217,0.417109,0.286719,-0.068527,0.912949,-0.118805,47.888351,62.479462,-357.200012
1525629541.82,-0.252295,0.656309,0.5235770000000001,-0.036438,0.984665,0.098404,47.589294,62.703461,-357.127167
1525629541.84,0.046236,0.888366,0.717904,-0.016891,1.010529,0.358994,47.43689000000001,62.25244100000001,-356.7501529999999
1525629541.86,0.142877,0.760141,0.5325840000000001,-0.079819,0.966568,0.272995,46.761948,62.250519,-356.827148
1525629541.88,0.045791000000000005,0.357797,0.267669,-0.104446,0.927612,0.112106,46.687714,62.400421,-356.903198
1525629541.89,0.051587,0.26719299999999996,0.236729,-0.078735,0.934418,0.134995,46.686386,62.174973,-356.60199
1525629541.91,0.131221,0.190045,0.394342,-0.018494,0.991684,0.234756,46.014572,62.848175,-356.75769
1525629541.93,0.170168,0.01821,0.559901,-0.009857,0.995026,0.212723,45.489532,62.772049,-357.058838
1525629541.95,0.12679100000000001,-0.147861,0.53701,-0.026886,0.956238,0.159424,45.038666,62.545929,-357.208923
1525629541.96,0.094306,-0.23510999999999999,0.5161180000000001,-0.032547,0.953583,0.14714100000000002,44.889633,62.695938,-357.510223
1525629541.97,0.09206900000000001,-0.302249,0.521465,-0.037354000000000005,0.964218,0.153534,44.512039,62.16946400000001,-357.283447
1525629541.99,0.135701,-0.32698499999999997,0.60395,-0.055969000000000005,0.978104,0.187637,43.837524,62.242661,-357.435883
1525629542.01,0.087991,-0.44191099999999994,0.6524270000000001,-0.068893,0.968613,0.137756,43.312866,62.316101,-357.4378660000001
1525629542.03,0.09424199999999999,-0.47071199999999996,0.6459630000000001,-0.038834,0.954361,0.165298,42.338898,62.463745,-357.816589
1525629542.05,0.086158,-0.401449,0.7556930000000001,-0.028427,0.979614,0.170181,41.062729,62.234695,-357.669159
1525629542.07,-0.006692,-0.239114,0.8952,-0.02533,0.986084,0.151566,40.086105,61.856873,-357.745026
1525629542.09,-0.074537,-0.134422,0.9971469999999999,-0.032181,0.958969,0.137024,39.18743900000001,62.15419,-357.749359
1525629542.11,-0.170489,-0.093552,1.082407,-0.054672000000000005,0.962387,0.142487,38.062881,62.300491,-357.528534
1525629542.13,-0.28068000000000004,-0.428834,1.127383,-0.096909,0.955139,0.157852,36.86264,62.29655500000001,-357.307098
1525629542.15,-0.3459,-0.693962,1.170747,-0.069626,0.939743,0.155594,35.28665200000001,62.141388,-357.010986
1525629542.17,-0.38932,-0.8601489999999999,1.405432,-0.101593,1.035095,0.188416,33.86084,62.061432,-356.564819
1525629542.19,-0.523011,-0.823407,1.546499,-0.154526,1.045624,0.142532,31.983185,61.60490400000001,-355.967926
1525629542.21,-0.6276010000000001,-0.7963140000000001,1.539264,-0.240494,1.277969,0.06881699999999999,30.557571000000006,61.59973100000001,-355.372162
1525629542.23,-0.5471050000000001,-1.153635,1.389259,-0.161987,1.275131,0.275513,28.605103000000003,61.217758,-354.625916
1525629542.25,-0.469153,-1.2638340000000001,1.59053,-0.059097,1.360428,0.42276,26.7285,61.060776,-353.730682
1525629542.27,-0.46760100000000004,-1.007131,1.9257919999999997,0.015030000000000003,1.210266,0.511642,24.775467000000006,60.60347,-352.759033
1525629542.29,-0.5712659999999999,-0.665751,2.191031,-0.049484,1.112228,0.504837,22.446991,59.995361,-352.012695
1525629542.31,-0.495425,-0.431616,2.236943,-0.175018,1.072266,0.5161439999999999,20.191406,58.937363,-351.18866
1525629542.33,-0.378768,-0.037701,2.098226,-0.287277,1.072754,0.480728,17.9375,58.254364,-350.366638
1525629542.35,-0.278345,0.458658,1.8330509999999998,-0.383423,0.742325,0.405136,15.75914,57.572388,-350.069427
1525629542.37,-0.548391,0.696479,1.690545,-0.381149,0.725128,0.208237,14.031082,56.892197,-350.0708620000001
1525629542.39,-0.627347,0.8214469999999999,1.8394599999999999,-0.381882,0.8586729999999999,0.194504,12.675171,55.6129,-349.917908
1525629542.41,-0.445718,0.6617689999999999,2.0650060000000003,-0.476639,0.856201,0.223557,11.16983,54.40849300000001,-349.990784
1525629542.43,-0.201941,0.45199300000000003,1.712909,-0.518433,0.861084,0.178329,9.363953,53.05342099999999,-350.213776
1525629542.45,0.032531,-0.08787400000000001,0.756359,-0.425125,0.753296,0.065445,8.012131,52.748688,-349.766113
1525629542.47,-0.10374000000000001,-0.818049,-0.11370699999999999,-0.242645,0.597717,0.008011,7.261185,52.521545,-349.842133
1525629542.49,-0.228345,-0.5776600000000001,-0.230319,-0.156158,0.544952,0.136673,7.182877,51.92041,-349.239044
1525629542.51,-0.142783,-0.21467399999999998,-0.026998,-0.244095,0.6137699999999999,0.262131,7.484375,52.370529,-348.715637
1525629542.52,-0.066202,-0.066791,-0.164168,-0.317902,0.641891,0.285004,7.634078999999999,52.370529,-348.415192
1525629542.53,0.019514,0.11099400000000001,-0.519642,-0.395447,0.635544,0.323944,7.335205,52.669296,-348.192719
1525629542.54,0.118164,0.198196,-1.020031,-0.469757,0.610168,0.34993,8.08577,52.746887,-348.415924
1525629542.56,0.334418,0.006961,-2.054045,-0.5457310000000001,0.606796,0.324646,9.365631,53.726395,-348.867432
1525629542.58,0.384982,-0.19547899999999999,-2.675191,-0.458832,0.649582,0.291138,11.397568,55.232727,-349.019623
1525629542.6,0.32916,-0.335851,-2.848003,-0.289566,0.688461,0.26965300000000003,13.576599,56.064713,-349.317688
1525629542.61,0.317275,-0.453045,-2.836153,-0.218735,0.721146,0.26976,15.154846,56.819214,-349.167084
1525629542.62,0.324822,-0.58845,-2.80219,-0.16925,0.76857,0.277756,16.433243,57.57305899999999,-349.167419
1525629542.64,0.356811,-0.882775,-2.744051,-0.17161600000000002,0.87561,0.313019,19.212479,58.481613,-349.314056
1525629542.66,0.439299,-1.016298,-2.864272,-0.2836,0.931076,0.368484,21.842758,59.68926999999999,-349.162811
1525629542.68,0.47761400000000004,-0.8713770000000001,-3.162757,-0.405289,0.95462,0.415237,24.848419,60.898621,-349.385437
1525629542.7,0.499643,-0.68374,-3.492972,-0.456543,0.950333,0.417297,28.227448,61.80864,-349.305328
1525629542.71,0.482416,-0.578097,-3.614095,-0.436707,0.955841,0.408615,30.328323,61.890717,-349.824463
1525629542.72,0.458433,-0.48524300000000004,-3.674467,-0.400436,0.987732,0.400223,31.979431,62.120789,-349.895782
1525629542.74,0.47322,-0.38407800000000003,-3.6203629999999998,-0.316406,1.020767,0.398346,35.882828,62.807938,-350.1878660000001
1525629542.76,0.474583,-0.435337,-3.4117660000000005,-0.232468,1.056442,0.37326,39.85881,62.895737,-350.7764279999999
1525629542.78,0.4372680000000001,-0.596248,-3.115423,-0.17244,1.0844120000000002,0.332138,43.610352,63.207214,-350.91687
1525629542.8,0.44420200000000004,-0.785118,-2.6855130000000003,-0.156906,1.108994,0.322601,46.53530900000001,63.066864,-351.5073240000001
1525629542.82,0.4994520000000001,-0.8527309999999999,-2.1689119999999997,-0.191772,1.0980379999999998,0.356995,49.007339,62.324829,-351.870819
1525629542.84,0.47872,-0.773983,-1.7003380000000001,-0.227386,1.04689,0.363037,50.881088,61.881561,-352.6127620000001
1525629542.86,0.426617,-0.595957,-1.286724,-0.243134,1.01622,0.354904,52.75437900000001,61.437622,-352.904694
1525629542.88,0.407617,-0.390359,-0.876708,-0.241806,0.96608,0.339218,54.252899,60.992889,-353.422729
1525629542.9,0.279069,-0.26961999999999997,-0.333373,-0.253006,0.923141,0.298798,54.778351,60.995148,-353.871185
1525629542.92,0.21252,-0.005212,0.102772,-0.236893,0.921051,0.318298,54.62959300000001,61.220032,-354.09787
1525629542.94,0.15041600000000002,0.391459,0.265326,-0.221512,0.865524,0.364487,54.55320699999999,60.845261,-354.396027
1525629542.96,0.158961,0.5864050000000001,0.400401,-0.235214,0.866577,0.354767,54.47700500000001,60.545242,-354.544586
1525629542.98,0.236513,0.7075239999999999,0.521858,-0.211365,0.913696,0.327042,54.326767,60.54446400000001,-354.320068
1525629543.0,0.022076,0.576183,0.72564,-0.1931,0.8720399999999999,0.260223,53.878006000000006,60.768448,-354.547638
1525629543.02,0.033786000000000004,0.354348,0.9426200000000001,-0.16571,0.854034,0.277145,53.42894,60.992004,-354.4752200000001
1525629543.04,-0.342131,0.483983,0.6289779999999999,-0.038528,0.910629,0.489532,52.379227,61.13829000000001,-354.104187
1525629543.06,0.948277,2.2091529999999997,-1.25896,0.348099,1.297455,0.844116,52.078735,61.062164,-353.954681
1525629543.08,1.7096310000000001,2.434079,-1.433241,0.750656,2.194855,0.310654,53.651764,60.542435,-354.322083
1525629543.1,-0.29175,-0.325457,1.247794,0.283478,1.441025,-0.520142,55.825562,60.025635,-355.437714
1525629543.12,-0.47644,0.831176,2.48368,0.16409300000000002,0.424423,0.423996,54.477936,60.621155,-355.1450200000001
1525629543.13,0.178286,1.28359,2.2692,0.222153,0.243912,0.740967,51.929901,61.13795500000001,-354.7805180000001
1525629543.14,0.774475,0.738755,1.8350830000000002,0.270691,0.397354,0.633667,51.254227,60.98593100000001,-354.781708
1525629543.16,0.813886,-0.8938709999999999,1.030961,0.18222,1.270462,-0.022614,50.429474,60.909363,-355.383759
1525629543.17,0.443119,-0.9593510000000001,0.829008,0.049377,1.423187,-0.283066,49.07872,60.606216,-355.986176
1525629543.18,0.078408,-0.4046030000000001,0.733436,-0.08433500000000001,1.2546540000000002,-0.235168,48.931381,61.131226,-356.28949
1525629543.19,-0.055338,0.378275,0.718066,-0.165939,0.946655,0.113586,48.480209,60.904648,-356.139587
1525629543.21,0.329328,0.7325550000000001,0.863447,-0.235535,0.589828,0.459793,47.880173,60.82830799999999,-356.440979
1525629543.23,0.35230100000000003,0.175086,0.762035,-0.188614,0.915405,0.174973,47.131805,61.126511,-356.744873
1525629543.25,0.36336,0.571697,0.364906,0.027939,1.116348,0.180511,46.305084,60.674484,-357.044861
1525629543.27,0.353715,0.096385,0.371395,0.03894,0.984467,0.063751,46.381317,60.900055,-357.27087400000005
1525629543.29,0.174898,0.0661,0.674795,0.030258,0.885025,0.028366,45.854294,60.448471,-357.2699580000001
1525629543.31,0.089725,0.12926600000000002,0.851458,-0.010315,1.044815,0.092422,45.480942,60.74780300000001,-357.572723
1525629543.33,0.215916,0.302501,0.751999,-0.078125,1.027634,0.104645,44.583176,61.19545,-357.802887
1525629543.35,0.0037,0.364272,0.48850699999999997,-0.217178,0.907761,0.084457,43.83276400000001,61.118088,-357.729736
1525629543.38,0.12122000000000001,0.146439,0.28376999999999997,-0.11734,0.990936,0.256256,43.681412,60.817642000000006,-357.728516
1525629543.39,0.19676,0.17166900000000002,0.347773,-0.075058,1.053818,0.284515,43.305878,60.666733,-357.878815
1525629543.41,0.080631,0.103899,0.463077,-0.06695599999999999,0.953552,0.120605,43.081024,60.66629,-358.02948
1525629543.43,0.13037,-0.031667,0.457143,-0.068573,0.927155,0.164169,42.405945,60.664154,-357.956482
1525629543.45,0.201808,-0.137494,0.4743600000000001,-0.112289,1.02446,0.153549,42.031921,60.813477,-358.258453
1525629543.49,0.192156,0.061873000000000004,0.429781,-0.16391,0.908432,0.082169,40.90618900000001,60.585556,-358.5605470000001
1525629543.51,0.19069,0.053367,0.398932,-0.159088,0.995071,0.136459,40.528381,59.90976,-358.782959
1525629543.53,0.20608400000000002,0.055455999999999984,0.348719,-0.13410899999999998,0.967026,0.187943,40.304535,60.134308,-358.934875
1525629543.55,0.240664,0.085138,0.37809899999999996,-0.126923,0.992477,0.14068599999999998,40.15477,60.134201,-359.160339
1525629543.57,0.190196,0.084259,0.439385,-0.091248,1.025955,0.043915,39.404343,60.056839,-359.087128
1525629543.59,0.156223,-0.021127,0.474921,-0.037964,1.0005190000000002,0.03772,38.952881,59.680832,-359.311432
1525629543.61,0.083432,-0.334225,0.606718,-0.018677000000000003,0.990723,0.018051,38.65242,59.530273,-359.53649900000005
1525629543.63,0.06094400000000001,-0.667833,0.8422059999999999,-0.042664,1.001694,0.062241,37.675049,59.002335,-359.53653
1525629543.65,0.052067999999999996,-0.733947,1.001967,-0.152084,0.985458,0.06164600000000001,36.702744,59.599426,-359.542725
1525629543.67,0.007987000000000001,-0.552582,1.0248629999999999,-0.306641,0.971146,0.038956,35.201813,59.44459499999999,-359.3213810000001
1525629543.69,-0.020234000000000002,-0.466028,0.794245,-0.34631300000000004,0.915939,0.038864,33.850722999999995,59.215424,-359.249207
1525629543.71,-0.08809299999999999,-0.41873900000000003,0.558789,-0.32052600000000003,0.91835,0.046646,32.798752,58.76239,-359.324829
1525629543.73,-0.183358,-0.4098350000000001,0.6195579999999999,-0.17871099999999998,0.979141,0.066788,32.273102,58.685364,-359.02600099999995
1525629543.74,-0.2324070000000001,-0.457633,0.7191420000000001,-0.132706,1.001068,0.069458,31.748962,58.90856899999999,-358.878815
1525629543.76,-0.21141300000000002,-0.46848500000000004,0.954108,-0.106308,1.028275,0.078461,30.697906,58.754852,-358.506134
1525629543.79,-0.326489,-0.558682,1.1598700000000002,-0.155136,1.039352,0.012863,29.42244,58.75036600000001,-358.059906
1525629543.8,-0.34454,-0.634288,1.18244,-0.191971,0.965729,0.089478,28.070724,58.52029399999999,-357.387726
1525629543.82,-0.45969099999999996,-0.6956640000000001,1.289218,-0.266708,1.047134,0.132156,26.492783000000006,57.915222,-357.164124
1525629543.84,-0.506101,-0.562287,1.393033,-0.359116,1.197006,0.25769000000000003,25.290131,57.460724,-356.565216
1525629543.86,-0.440978,-0.547564,1.2187459999999999,-0.399155,1.14505,0.308014,23.714279,57.454758,-355.744873
1525629543.88,-0.4955770000000001,-0.489688,1.018252,-0.336212,1.019226,0.259674,22.287735,57.224701,-355.2229
1525629543.9,-0.569851,-0.389193,1.031936,-0.207779,1.064636,0.287827,21.460129,56.845871,-354.323334
1525629543.92,-0.5658770000000001,-0.31900500000000004,1.341618,-0.177597,1.165558,0.322174,20.257553,56.391479,-353.799438
1525629543.94,-0.543087,-0.42681199999999997,1.481831,-0.191513,0.951965,0.299423,19.429321,55.78819300000001,-353.273621
1525629543.96,-0.62566,-0.383849,1.526481,-0.287766,0.896149,0.310654,17.851257,55.257462,-352.600403
1525629543.98,-0.647605,-0.081094,1.589556,-0.405991,0.920868,0.354218,16.499542,55.02739,-351.928223
1525629544.0,-0.602899,0.18093299999999998,1.527284,-0.496231,0.789886,0.29184,14.995773000000002,54.272324,-351.553589
1525629544.02,-0.685036,0.48087799999999997,1.294139,-0.509979,0.767365,0.215347,13.717194,53.592697,-351.028687
1525629544.04,-0.822419,0.863125,1.063801,-0.48494,0.7507020000000001,0.16081199999999998,12.664856,53.139084,-350.72934
1525629544.06,-1.006817,1.171948,1.017105,-0.485184,0.802383,0.150955,12.28624,52.387604,-350.501343
1525629544.08,-1.0431540000000001,1.5355,1.1122889999999999,-0.61087,0.782486,0.262589,11.385635,52.235031,-350.578217
1525629544.12,-1.379002,1.260653,1.6251520000000002,-0.852051,0.8715360000000001,0.274567,9.73114,51.254944,-350.502777
1525629544.14,-1.147553,0.9953280000000001,1.671273,-0.781189,0.843994,0.278687,8.67569,50.126221,-350.124725
1525629544.18,-0.8745379999999999,0.376338,0.9154129999999999,-0.465637,0.796936,0.232056,7.318389999999999,48.621353000000006,-349.59549
1525629544.2,-0.6529149999999999,0.31011500000000003,1.511935,-0.480988,0.7731319999999999,0.308975,6.342239,48.467743,-349.1476140000001
1525629544.22,-0.170951,0.127824,1.7827669999999998,-0.544876,0.767578,0.301697,5.138808999999998,47.788574,-348.772491
1525629544.24,0.073189,-0.495539,1.5445389999999999,-0.639648,0.712234,0.251419,4.007599,46.509506,-348.318817
1525629544.26,0.215711,-1.004213,0.8275309999999999,-0.6363979999999999,0.57547,0.247971,3.100494,44.931763,-348.3128660000001
1525629544.3,0.320413,-0.48087399999999997,-0.22532,-0.55011,0.422424,0.326202,2.1956330000000004,44.10237100000001,-347.186035
1525629544.32,0.586329,-0.219683,-0.5212640000000001,-0.5642550000000001,0.461334,0.357269,2.421951,44.47747800000001,-346.812408
1525629544.33,0.7716390000000001,-0.189429,-0.817292,-0.555557,0.481888,0.350174,2.34906,44.927383,-346.890106
1525629544.34,0.908483,-0.226066,-1.223424,-0.534744,0.477921,0.32142600000000005,2.799286,44.929062,-347.113739
1525629544.35,0.9825879999999999,-0.298646,-1.691586,-0.5062409999999999,0.44606,0.276108,3.175308,45.155197,-347.113861
1525629544.36,1.00663,-0.391268,-2.148493,-0.472809,0.39592,0.228119,4.003662,45.83313,-347.4151310000001
1525629544.37,1.000501,-0.515768,-2.535848,-0.4366,0.352356,0.187881,4.604828,46.06015,-347.564575
1525629544.39,0.963842,-0.9427530000000001,-3.088879,-0.352264,0.339569,0.149796,6.788605,47.942169,-347.868347
1525629544.41,0.8356379999999999,-1.466394,-3.517328,-0.228348,0.382187,0.155975,9.122269,49.898956,-347.722107
1525629544.43,0.638221,-1.6477080000000002,-3.742692,-0.129028,0.47377,0.22879,11.756332,51.931747,-347.650421
1525629544.45,0.586427,-1.623029,-3.620721,-0.179886,0.636261,0.314438,15.438278,53.591995,-347.1234740000001
1525629544.47,0.723342,-1.4925549999999999,-3.532985,-0.362228,0.8017880000000001,0.407761,18.894745,55.027359,-347.121002
1525629544.49,0.962727,-1.423041,-3.952075,-0.600204,0.898148,0.4537350000000001,22.423828,55.937943,-347.115417
1525629544.51,1.0792,-1.32726,-4.741122,-0.755829,0.8691409999999999,0.438934,26.479889,57.151001,-347.70993
1525629544.53,0.984557,-0.9461459999999999,-5.227429,-0.713074,0.879883,0.415527,31.586212,58.44209300000001,-348.226715
1525629544.55,0.71686,-0.418572,-5.063421,-0.55098,1.018799,0.406052,36.763794,58.833847,-349.03833
1525629544.57,0.647753,-0.147782,-4.576156,-0.35827600000000004,1.081024,0.4562229999999999,41.712906,58.474792,-349.771515
1525629544.59,0.739632,-0.45965500000000004,-3.9812480000000003,-0.228668,1.111954,0.4229890000000001,46.135147,57.664383,-350.653809
1525629544.61,0.7054189999999999,-0.8221879999999999,-3.3039080000000003,-0.201111,1.15181,0.336517,50.18222,56.852631,-351.387207
1525629544.63,0.54783,-0.8228700000000001,-2.667623,-0.21322600000000005,1.147888,0.271088,53.478775,55.88884,-352.272003
1525629544.65,0.495334,-0.665197,-2.0209099999999998,-0.263428,1.183258,0.31134,55.576553,55.29579200000001,-352.712463
1525629544.67,0.617642,-0.7384569999999999,-1.429561,-0.274811,1.159378,0.373383,57.29872099999999,54.551743,-353.22818
1525629544.69,0.600144,-0.9400959999999999,-0.814153,-0.199936,1.076706,0.341476,57.669998,53.57885699999999,-353.896729
1525629544.71,0.279186,-0.873006,-0.026857,-0.117783,0.987625,0.277222,58.26622,52.606537,-354.489563
1525629544.73,0.0007559999999999999,-0.31904899999999997,0.82273,-0.137405,0.948029,0.32521100000000003,58.190887,52.382324,-355.1635740000001
1525629544.77,-0.207193,0.9317479999999999,1.447962,-0.409851,0.922348,0.520706,56.39402800000001,53.126602,-354.948059
1525629544.79,-0.348507,1.8079419999999997,0.187388,-0.314545,0.884109,0.771469,55.417953,52.973114,-354.575134
1525629544.81,1.215252,3.2993690000000004,-3.551628,0.555725,1.358383,0.789352,55.417419,52.972321,-354.05014
1525629544.83,0.7061810000000001,2.019888,-2.34165,0.972366,1.909744,3.1e-05,58.71165500000001,51.70707700000001,-353.958282
1525629544.85,0.12294300000000001,0.026206999999999998,2.188947,0.460068,1.519363,-0.201202,61.633148,50.965591,-353.795471
1525629544.87,0.558422,1.019323,3.302292,0.288727,0.628571,0.359558,60.810837,51.563141,-353.8012080000001
1525629544.89,0.41454399999999997,-0.824141,1.42966,0.270554,0.509705,-0.108139,57.965088,52.454956,-354.039673
1525629544.91,-0.084312,-1.523652,-0.21295100000000008,0.248474,1.082214,-0.314774,56.241425,52.6008,-354.720612
1525629544.93,-0.02121,-0.592597,0.218435,0.21582,1.240784,0.08401499999999999,55.490738,52.448563,-354.722046
1525629544.95,0.201297,0.235204,1.226879,0.120453,0.817825,0.412643,55.565628,52.374115,-354.946411
1525629544.96,0.27131500000000003,0.588646,1.4697719999999999,0.073502,0.675858,0.477127,54.593323,52.97120699999999,-354.952606
1525629544.97,0.271566,0.7517189999999999,1.4570020000000001,0.042542,0.695343,0.458054,54.142532,52.74519300000001,-355.177704
1525629544.98,0.23676799999999998,0.658169,1.24881,0.023895,0.836441,0.378906,53.545151,53.34329200000001,-355.107788
1525629545.0,0.363454,0.397873,0.582028,-0.031494,1.104187,0.263443,52.570404,53.41526800000001,-355.036133
1525629545.01,0.47019399999999995,0.365558,0.330597,-0.051178,1.094681,0.237961,52.569366,53.11570699999999,-355.334473
1525629545.02,0.484893,0.386861,0.219725,-0.042923,1.011536,0.181549,52.269989,53.190262,-355.635773
1525629545.04,0.257457,0.536982,0.350234,0.029114,0.882339,0.061859,52.268188,52.740601,-355.858337
1525629545.06,0.060903,0.485479,0.603826,0.146896,0.949066,0.0004730000000000001,52.270828,53.3405,-355.786652
1525629545.08,0.074699,0.167744,0.749464,0.184586,1.0578,0.035904000000000005,51.820206,53.189255,-355.862152
1525629545.1,0.097277,-0.16381600000000002,0.7438560000000001,0.06605499999999999,1.006424,0.06471299999999999,51.14682,53.56213399999999,-355.791229
1525629545.12,0.020991,-0.179422,0.617066,-0.056839,0.938828,0.098129,50.171631,53.484436,-355.943726
1525629545.14,-0.001852,-0.0033950000000000004,0.458761,-0.09874,0.964249,0.12825,49.869675,53.03363,-356.0171200000001
1525629545.16,0.072675,0.22337100000000001,0.312039,-0.087585,0.987015,0.152954,49.646439,53.408081,-356.094879
1525629545.18,0.042052,0.351437,0.22514,-0.031815,0.967438,0.114868,49.346695,53.482071,-356.021179
1525629545.2,-0.004352,0.289792,0.282117,0.047302,0.980637,0.07034299999999999,49.422897,53.782074,-355.872589
1525629545.22,-0.033583,0.158747,0.448511,0.110748,1.008713,0.088882,48.746536,53.480057,-355.872955
1525629545.24,-0.057286000000000004,0.042594,0.627609,0.11525,1.002365,0.123428,48.445511,53.25415,-355.8726200000001
1525629545.26,-0.034631999999999996,0.073361,0.7284470000000001,0.063858,0.987701,0.154648,48.295776,53.328583,-355.798492
1525629545.28,-0.036485000000000004,0.10213799999999999,0.745501,-0.024048,0.982651,0.165161,47.697128,53.626801,-355.801941
1525629545.3,-0.055673,0.05749,0.6691,-0.099869,0.969589,0.146286,47.097229,53.699661,-355.579102
1525629545.32,-0.107302,0.084411,0.543074,-0.112473,0.965302,0.126083,46.272903,53.847198,-355.582397
1525629545.34,-0.08406799999999999,0.083255,0.5236310000000001,-0.087189,0.97171,0.170502,45.74646,53.545502,-355.507294
1525629545.36,-0.06063300000000001,0.146007,0.594658,-0.044632,0.984741,0.17996199999999998,45.521454,53.54483000000001,-355.507965
1525629545.38,-0.097506,0.174887,0.714318,-0.013992,0.986252,0.160706,44.995697,53.393143,-355.433716
1525629545.4,-0.06894700000000001,0.043629,0.807629,-0.030334,0.982941,0.143753,44.772354,53.84190400000001,-355.061859
1525629545.42,-0.08073,0.127848,0.8737659999999999,-0.03894,0.979279,0.139725,43.572937,53.98820500000001,-354.9912720000001
1525629545.44,-0.156276,0.269888,0.949199,-0.084396,0.978638,0.10672,42.897263,53.836182,-354.992462
1525629545.46,-0.29044000000000003,0.275777,0.9710629999999999,-0.112137,0.964035,0.047592,41.995407,53.458252,-354.843079
1525629545.48,-0.374592,0.161012,1.006148,-0.10228,0.976532,0.065109,41.620438,53.531677,-354.544586
1525629545.5,-0.4592,-0.100869,1.121062,-0.09491,0.990799,0.07989500000000001,41.021149,53.75444,-354.2476200000001
1525629545.52,-0.49725,-0.2777,1.273725,-0.066238,0.988617,0.153976,39.821609,53.97505200000001,-353.727448
1525629545.54,-0.567674,-0.233816,1.525776,-0.100677,1.0638729999999998,0.182281,38.396225,53.970215,-353.35672
1525629545.56,-0.64277,-0.510656,1.636315,-0.210251,1.2540440000000002,0.16136199999999998,37.044174,53.665161,-352.684082
1525629545.57,-0.6001850000000001,-0.67601,1.575121,-0.218018,1.218124,0.250824,35.3918,53.284195,-352.011932
1525629545.58,-0.514484,-0.779741,1.536817,-0.252762,1.177551,0.34286500000000003,34.867828,53.58216899999999,-351.715179
1525629545.59,-0.471421,-0.9259280000000001,1.510741,-0.293396,1.228989,0.356522,34.040878,53.12980699999999,-351.7901310000001
1525629545.61,-0.535393,-0.9959290000000001,1.355061,-0.226089,1.292709,0.381012,32.466187,53.349075,-351.121094
1525629545.63,-0.481308,-0.9706040000000001,1.4097469999999999,-0.141052,1.071152,0.494965,30.965942,53.49324,-350.22641
1525629545.65,-0.5573359999999999,-0.586701,1.65762,-0.105972,0.975937,0.48671,29.464233,53.262726,-349.554596
1525629545.67,-0.517468,-0.3482,1.8146639999999998,-0.098816,0.937668,0.450699,27.585037,52.431412,-349.105682
1525629545.69,-0.4294020000000001,-0.376309,1.8668040000000001,-0.085007,0.928116,0.381683,26.232407,51.976456,-348.507233
1525629545.71,-0.313423,-0.517528,1.9558520000000001,-0.075211,1.075912,0.349213,24.430725,51.670609000000006,-348.210938
1525629545.73,-0.288545,-0.8161390000000001,2.131158,-0.029984,1.087891,0.297989,22.403336,51.288513,-347.539917
1525629545.75,-0.419915,-1.0555219999999998,2.430778,-0.029694,1.032394,0.262787,20.074509,50.605408,-346.793152
1525629545.77,-0.463372,-0.987247,2.701658,-0.174118,0.823593,0.270264,17.819672,49.697525,-346.0449220000001
1525629545.79,-0.574865,-0.428336,2.806282,-0.455948,0.629303,0.28064,15.788193,48.489853,-344.994415
1525629545.81,-0.9618629999999999,0.208537,2.790812,-0.906647,0.596954,0.246521,13.305542,46.906616,-344.46814
1525629545.83,-0.513309,1.1896930000000001,1.9274830000000005,-1.255112,0.590988,0.397568,11.124512,45.699173,-343.868011
1525629545.85,0.366369,0.826677,-0.2247780000000001,-1.124588,0.593704,0.261154,9.696411,44.945343,-344.168152
1525629545.87,0.388448,0.323436,-2.411257,-0.627518,0.426788,0.066208,9.924347,45.546356,-344.395782
1525629545.89,-0.225381,0.451117,-3.2435240000000003,-0.124466,0.357025,-0.03804,11.579361,46.527237,-344.996246
1525629545.91,-0.613216,0.25299099999999997,-2.1999720000000003,0.12915,0.502167,-0.014893,14.436935,48.260468,-344.772186
1525629545.93,-0.32201,-0.141042,-0.909285,0.155807,0.703232,0.19162,15.943222,49.689774,-344.6255490000001
1525629545.95,0.18952,-0.6963590000000001,-0.935782,0.017181000000000002,0.755386,0.316544,16.47171,50.66500900000001,-343.729279
1525629545.97,0.5102479999999999,-1.567016,-1.839115,-0.303589,0.759674,0.24855,16.850067000000006,51.490585,-343.357666
1525629545.99,0.646536,-1.797391,-2.773167,-0.601562,0.736633,0.27415500000000004,18.427734,52.169754,-342.981689
1525629546.01,0.817391,-1.391738,-3.454306,-0.658813,0.753418,0.413055,21.059143,53.677094,-342.607086
1525629546.03,0.99571,-1.158911,-3.8396489999999996,-0.5278930000000001,0.815643,0.456955,24.516434,55.26268,-342.755463
1525629546.05,1.081988,-1.176288,-3.935432,-0.345474,0.884552,0.42009,28.35022,57.149628,-343.054321
1525629546.07,1.033221,-1.133534,-3.744314,-0.224518,0.936356,0.413239,32.181015,58.287125,-343.72406
1525629546.09,1.044667,-0.925876,-3.462393,-0.210571,1.023575,0.467072,36.389175,59.95076,-344.395599
1525629546.11,1.099667,-0.780141,-3.3576900000000003,-0.269913,1.068649,0.47702,40.441818,60.339249,-345.285614
1525629546.13,1.0943450000000001,-0.58719,-3.395936,-0.3479,1.090057,0.467682,44.493668,60.50308199999999,-346.399353
1525629546.15,1.0618290000000001,-0.243851,-3.420008,-0.376541,1.075516,0.474548,48.243744,60.290894,-347.4369200000001
1525629546.16,1.043461,-0.087115,-3.3835900000000003,-0.361649,1.076767,0.4691010000000001,52.594849,60.305496,-348.473938
1525629546.19,0.9118370000000001,0.11258699999999999,-3.020092,-0.203445,1.050903,0.401764,56.569077,59.869202,-349.659607
1525629546.21,0.7355010000000001,0.12483699999999999,-2.5230080000000004,-0.08815,1.010315,0.358688,60.314529,58.681641000000006,-350.466858
1525629546.22,0.658589,0.096232,-2.176152,-0.053391,0.993896,0.335495,63.009583,57.415833,-351.201813
1525629546.24,0.5855739999999999,-0.02424,-1.4057309999999998,-0.033829000000000005,1.005341,0.320877,65.556,56.524124,-351.639282
1525629546.26,0.482034,-0.223435,-0.672191,-0.046265,0.991211,0.300217,67.279938,56.155197,-352.232056
1525629546.28,0.327257,-0.380841,0.051332,-0.075348,0.943497,0.274887,68.330292,56.084351,-352.903534
1525629546.3,0.077025,-0.011345000000000001,0.801584,-0.13472,0.930023,0.296204,68.481415,56.235474,-353.353882
1525629546.32,-0.086771,0.744786,1.2996020000000001,-0.26879899999999995,0.905457,0.393677,67.432648,56.60665899999999,-352.909088
1525629546.34,-0.12203699999999999,1.2107,1.287275,-0.370956,0.879547,0.427612,66.759552,57.128967,-352.463989
1525629546.36,-0.612007,1.463511,0.697235,-0.331009,0.8537450000000001,0.545532,65.861572,57.725281,-351.794983
1525629546.38,0.717443,2.855098,-1.593518,0.161102,1.051559,0.8430790000000001,65.936371,57.9487,-350.595978
1525629546.4,1.4738959999999999,3.232766,-2.459568,0.753326,1.666245,0.424606,68.634003,57.506226,-350.2104490000001
1525629546.42,0.393901,1.018041,0.589125,0.480026,1.832413,-0.298782,70.80162,55.93725600000001,-349.895294
1525629546.44,-0.013387,0.658625,2.602541,0.185043,0.885605,0.053772,70.053864,56.53433199999999,-349.450806
1525629546.46,0.274486,0.12488699999999996,1.735809,0.26873800000000003,0.430817,0.306015,67.658829,57.652069,-349.38916
1525629546.48,0.16076,-0.9590360000000001,0.42694099999999996,0.34272800000000003,0.964325,0.097473,66.687424,58.39949,-349.621155
1525629546.5,0.14443399999999998,-0.506023,0.482501,0.259552,1.286377,0.15971400000000002,66.238022,58.399048,-350.222534
1525629546.52,0.198768,0.775604,1.1715799999999998,0.08934,0.8479770000000001,0.368683,65.565536,58.922256,-350.3774410000001
1525629546.54,0.376869,1.69773,1.411039,-0.108749,0.676346,0.38443,64.516312,59.143784,-350.15683
1525629546.56,0.22739,0.900357,0.7827430000000001,-0.177063,0.958664,-0.042786000000000005,63.392426,59.440079,-349.936798
1525629546.58,0.090383,0.45259799999999994,-0.030894,-0.00914,1.085403,0.033691000000000006,62.943542,59.73840300000001,-349.714783
1525629546.6,0.307682,0.407948,0.034566,0.173904,0.921478,0.314407,63.093124,59.663742000000006,-349.638885
1525629546.62,0.38224600000000003,0.5777899999999999,0.8596020000000001,0.232544,0.9617,0.29643200000000003,63.24411,59.814636,-349.939301
1525629546.64,0.21159,0.729676,1.269343,0.15802,1.041534,0.113113,62.270554,60.186386,-349.719238
1525629546.66,0.092655,0.42550699999999997,0.942966,0.034637,0.961792,0.035751,61.147308,60.558136,-349.799683
1525629546.68,0.144847,0.053482,0.576177,-0.06439199999999999,0.929611,0.051971,60.472458,60.556351,-349.9516910000001
1525629546.7,0.117175,0.127145,0.566938,-0.120026,0.993195,0.134277,60.174225,60.930573,-350.029663
1525629546.72,0.049263,0.22228499999999998,0.578415,-0.150574,0.967728,0.134796,59.199615,61.002762,-350.107971
1525629546.74,0.062154999999999995,0.266007,0.40264,-0.143784,0.956985,0.169983,58.900146,61.151642,-349.959686
1525629546.76,0.060888,0.15204600000000001,0.235548,-0.12944,1.001526,0.144745,58.601349,61.45053100000001,-349.812225
1525629546.78,0.020967,0.223648,0.184949,-0.06703200000000001,0.95813,0.131454,58.375412,61.22496,-349.886658
1525629546.79,0.010804000000000001,0.21194699999999997,0.22871100000000005,-0.032806,0.95401,0.12779200000000002,58.150406,61.224274,-349.887329
1525629546.81,0.016582,0.095684,0.375519,0.013000000000000001,0.985168,0.13125599999999998,58.076187,61.44873000000001,-349.663757
1525629546.83,0.044114,-0.008923,0.466714,0.000519,1.002045,0.15033,57.25181600000001,61.521713,-349.966644
1525629546.85,0.049335000000000004,-0.049446,0.465584,-0.056442,0.976105,0.143524,57.178284,61.896149,-349.743927
1525629546.87,0.031632,-0.020568,0.408326,-0.123123,0.971466,0.160126,56.426239,61.443893,-349.743713
1525629546.89,0.043169,-0.056811,0.312392,-0.165939,0.971359,0.160461,56.12710600000001,61.66777,-349.595825
1525629546.91,0.049069,-0.151645,0.203752,-0.156998,0.967163,0.169113,55.826996,61.592209,-349.82132
1525629546.93,0.085115,-0.16458,0.187345,-0.116104,0.971344,0.177704,55.603897,61.966888,-350.049072
1525629546.95,0.071595,-0.22849,0.229019,-0.07820099999999999,0.992508,0.13768,55.305069,62.191223,-350.201202
1525629546.97,0.059204999999999994,-0.324384,0.282385,-0.021103,0.97818,0.123856,54.779877,62.11486800000001,-350.352356
1525629546.99,0.032199,-0.314742,0.4274689999999999,0.016784999999999998,0.998367,0.128387,54.554047,61.963959,-350.202209
1525629547.01,-0.014753,-0.315686,0.601534,0.003723,1.006683,0.120544,54.179947,62.11319,-350.429138
1525629547.03,-0.14030399999999998,-0.482513,0.664797,-0.014923,0.989273,0.076538,53.65661600000001,62.48661800000001,-350.43277
1525629547.05,-0.199459,-0.554765,0.7283149999999999,0.0006259999999999999,0.985779,0.103867,52.833786,62.934387,-350.587708
1525629547.07,-0.217335,-0.4844270000000001,0.9094770000000001,-0.046402,1.011444,0.118195,51.858063,62.855896,-350.21521
1525629547.09,-0.35842399999999996,-0.49131899999999995,0.9782569999999999,-0.10968,0.98288,0.039917,50.80899,63.077652,-350.144562
1525629547.11,-0.457079,-0.48875,0.9379540000000001,-0.124496,0.962524,0.074677,49.907364,62.849045,-349.54599
1525629547.13,-0.5566840000000001,-0.451046,0.9870700000000001,-0.151794,1.107178,0.030777,48.933212,63.07089200000001,-349.400146
1525629547.15,-0.5532630000000001,-0.6695399999999999,0.962541,-0.104767,1.110611,0.147003,48.259476,63.517761,-348.654602
1525629547.17,-0.50005,-0.937342,1.092798,-0.075516,1.076324,0.24295,46.90921,63.587814,-348.059052
1525629547.19,-0.526881,-1.1291639999999998,1.29322,-0.039658,1.123383,0.270721,45.711029,64.10844399999999,-347.540527
1525629547.21,-0.332822,-1.307002,1.492005,-0.033936,1.133667,0.351898,44.285568,64.1035,-347.094757
1525629547.23,-0.4845100000000001,-1.343697,1.5726209999999998,-0.053024,1.024445,0.309601,42.78476,64.023331,-346.648834
1525629547.25,-0.46061199999999997,-1.11792,1.7351830000000001,-0.110397,0.911438,0.390396,41.059357,64.017593,-346.278992
1525629547.27,-0.420628,-0.760042,1.877329,-0.172058,0.969971,0.453384,39.409485,64.161865,-345.7597350000001
1525629547.29,-0.378415,-0.543864,1.882141,-0.235321,1.013489,0.451401,37.158783,64.154114,-345.091431
1525629547.31,-0.335791,-0.505632,1.7826349999999995,-0.28212,0.997757,0.416733,35.65730300000001,63.923935,-344.644684
1525629547.33,-0.356577,-0.424516,1.724352,-0.317581,0.935043,0.387894,34.156310999999995,63.768997,-344.348297
1525629547.35,-0.37959,-0.24109899999999998,1.724639,-0.381958,0.8499909999999999,0.357498,32.505569,63.688477,-343.977814
1525629547.37,-0.311198,0.12741,1.6578240000000002,-0.5119319999999999,0.7580720000000001,0.347748,30.930588,63.758316,-343.682922
1525629547.39,-0.095987,0.389942,1.2294559999999999,-0.6716770000000001,0.701691,0.29364,29.279785,63.67770400000001,-343.237427
1525629547.4,0.028850999999999998,0.27772600000000003,0.7298060000000001,-0.712708,0.677078,0.238724,28.2276,63.224319,-343.088104
1525629547.42,0.124963,-0.068402,-0.759354,-0.583969,0.5708310000000001,0.142273,28.529922,63.675674,-343.389648
1525629547.44,0.11123499999999999,-0.020942,-1.888469,-0.347595,0.4487,0.180344,30.480774,63.831741,-343.534698
1525629547.46,0.096986,-0.18711,-1.972384,-0.208145,0.485092,0.146622,33.262451,65.265427,-343.7592160000001
1525629547.48,0.112203,-0.18193299999999998,-1.776729,-0.125702,0.5782619999999999,0.202408,35.816345,66.09831199999999,-343.906158
1525629547.5,0.181006,-0.36546300000000004,-1.9585169999999998,-0.148743,0.6748810000000001,0.251617,38.14325,66.55506899999999,-343.751648
1525629547.52,0.296824,-0.869877,-2.417623,-0.286575,0.746628,0.244019,41.070801,67.089066,-343.895844
1525629547.54,0.382419,-0.854065,-2.8369619999999998,-0.429016,0.773651,0.310043,45.272491,67.4021,-344.184937
1525629547.56,0.43384300000000003,-0.52169,-2.974884,-0.509613,0.9005280000000001,0.382568,49.023483,67.489243,-344.7742
1525629547.58,0.489888,-0.285356,-2.890413,-0.5291140000000001,1.042923,0.454636,53.150513,67.72805799999999,-345.738129
1525629547.6,0.487446,-0.334483,-2.644518,-0.53746,1.072388,0.451431,56.974991,67.515198,-346.175476
1525629547.62,0.318181,-0.32438,-2.179451,-0.5448,0.97261,0.386703,60.49946600000001,67.301422,-346.6137080000001
1525629547.64,0.092286,0.1751,-1.559345,-0.565994,0.965683,0.393524,63.12037700000001,66.260162,-347.200134
1525629547.66,0.140901,0.598907,-1.161856,-0.552948,1.022476,0.4518430000000001,65.292877,65.74144,-347.040741
1525629547.68,0.490774,0.47906899999999997,-1.059703,-0.468079,0.963287,0.4120180000000001,67.166214,65.372055,-347.033081
1525629547.7,0.178204,0.169904,-0.294873,-0.472595,0.972504,0.197601,68.290588,65.150986,-347.403503
1525629547.72,-0.146044,0.390542,0.366873,-0.465073,0.949203,0.362411,67.99115,65.37440500000001,-346.955658
1525629547.74,0.488025,0.33059099999999997,-0.296529,-0.193817,0.879257,0.418961,67.540131,65.14805600000001,-346.95575
1525629547.76,0.401688,-0.271801,-1.384331,0.119659,0.8336030000000001,0.273758,68.139648,64.92564399999999,-347.477722
1525629547.78,0.047882,-0.259655,-1.350201,0.267593,0.8535309999999999,0.261383,69.710495,63.955673,-347.692688
1525629547.8,-0.071453,-0.49423900000000004,0.016824000000000002,0.180496,0.974716,0.340378,71.059235,63.659821,-347.761993
1525629547.82,0.203315,-0.200522,0.784068,0.084213,0.999847,0.4260560000000001,70.536179,63.959152,-348.365204
1525629547.84,0.245371,0.12248699999999994,0.23222600000000002,-0.007476999999999998,1.11377,0.334488,69.18759200000001,64.255234,-348.445892
1525629547.86,0.21069699999999997,-0.010194,-0.653965,-0.148911,1.142593,0.222,69.261963,64.031021,-348.819427
1525629547.88,0.21873800000000002,-0.072982,-0.942507,-0.08017,0.965149,0.24324,69.859268,63.4328,-348.814362
1525629547.9,0.15115499999999998,0.116855,-0.575535,0.137863,0.91951,0.26886,70.90815699999997,63.136276,-349.034576
1525629547.92,0.112319,0.234012,-0.024783000000000003,0.296677,0.986832,0.260666,71.508881,63.213638,-349.408203
1525629547.94,0.168829,0.09615399999999999,0.260835,0.285919,1.069641,0.24408,71.434738,63.438202,-349.259644
1525629547.96,0.224084,-0.164114,0.207997,0.147644,1.000809,0.208298,71.05835,63.06251500000001,-349.558716
1525629547.98,0.16710899999999998,-0.157422,0.085229,-0.016617,0.912094,0.212204,70.759171,63.211838,-349.710419
1525629548.0,0.151725,-0.12639,-0.044433999999999994,-0.1521,0.92337,0.236115,70.759888,63.287415,-350.085876
1525629548.02,0.135605,-0.190155,-0.30181399999999997,-0.15168800000000002,0.985931,0.263916,70.984604,63.138641,-350.459381
1525629548.04,0.188479,-0.26063400000000003,-0.500433,-0.04657,0.952805,0.283722,71.135193,63.288986,-350.3847350000001
1525629548.05,0.188594,-0.209475,-0.501497,-0.011765,0.921249,0.29393,71.584976,63.141006,-350.832581
1525629548.06,0.223656,-0.070024,-0.45508999999999994,-0.005768,0.8943180000000001,0.30835,71.88284300000002,62.617233,-351.053802
1525629548.07,0.302489,0.127865,-0.418796,-0.022949,0.887756,0.306366,71.881226,62.24234000000001,-351.12674
1525629548.08,0.348479,0.288618,-0.44276899999999997,-0.048264,0.912399,0.269928,72.40795899999998,62.544479,-351.501831
1525629548.09,0.30915,0.37942,-0.535949,-0.06337000000000001,0.958206,0.197617,72.255325,61.944122,-351.573975
1525629548.11,0.170282,0.33429899999999996,-0.800342,-0.021454,1.0205229999999998,0.102448,73.154999,61.871826,-351.570892
1525629548.13,0.15219100000000002,-0.041812,-0.8937950000000001,0.105057,0.962906,0.15803499999999998,74.051971,61.199509,-351.5645140000001
1525629548.15,0.215829,-0.319282,-0.694483,0.199051,0.938492,0.28480500000000003,74.72653199999998,61.051865,-351.786682
1525629548.19,0.373425,0.14996800000000002,-0.46862299999999996,0.192139,0.967194,0.150696,74.94770799999998,60.00386,-352.6802370000001
1525629548.21,0.21493600000000002,0.29988899999999996,-0.545443,0.19838,0.990524,0.098923,75.545563,59.480988,-352.900574
1525629548.23,0.13902,-0.106958,-0.475343,0.23115500000000005,0.986954,0.119598,76.219879,59.258453,-353.197296
1525629548.25,0.249755,-0.42616499999999996,-0.342598,0.244064,0.958527,0.164078,76.371216,59.558914,-353.198517
1525629548.29,0.197852,0.17513399999999998,-0.25999,0.213242,0.97522,0.186203,76.668686,58.811035,-354.018494
1525629548.31,0.18900699999999998,0.19223800000000002,-0.288618,0.197357,0.969254,0.119247,76.742401,58.511368,-354.091614
1525629548.33,0.17665899999999998,-0.052846000000000004,-0.288475,0.225861,0.961349,0.10051,77.491272,58.21394300000001,-354.312744
1525629548.35,0.137726,-0.086809,-0.236911,0.237396,0.970566,0.126816,77.716431,58.21484399999999,-354.462067
1525629548.39,0.15405,0.16569,-0.17537,0.197266,0.964447,0.145645,77.339828,57.838821,-354.536133
1525629548.41,0.08204600000000001,0.123379,-0.20855,0.196671,0.9832,0.109222,77.938477,57.54061899999999,-354.532715
1525629548.43,0.102023,-0.004604,-0.206669,0.231003,0.957916,0.131607,78.16261300000002,57.316513,-354.680786
1525629548.45,0.082304,-0.003475,-0.161725,0.22998,0.961456,0.167099,78.312164,57.167297,-354.904541
1525629548.49,0.140388,0.27979299999999996,-0.181585,0.207565,0.966827,0.140625,78.463074,57.318085,-355.129913
1525629548.51,0.076999,0.274748,-0.21593400000000001,0.245285,0.956528,0.093094,78.53761300000002,57.317627,-354.679657
1525629548.55,0.05293200000000002,0.033899,-0.041092000000000004,0.298492,0.973297,0.082169,78.910599,56.86874399999999,-354.676086
1525629548.59,0.023527,0.016953,0.0007769999999999999,0.197006,0.949677,0.16708399999999998,79.136078,56.944641,-354.825806
1525629548.61,0.08027100000000001,0.0306,-0.073357,0.182861,0.950089,0.156219,79.06195100000002,57.16920500000001,-354.677277
1525629548.63,0.031958,0.15979100000000002,-0.123852,0.210281,0.951981,0.127853,78.835342,56.793625,-354.750916
1525629548.64,0.024553,0.205654,-0.12801700000000002,0.236481,0.956421,0.110214,79.282898,56.269852,-354.671661
1525629548.66,0.076187,0.349317,-0.123322,0.279526,0.924561,0.152176,79.28469799999998,56.719528,-354.449127
1525629548.68,-0.040317,0.095029,-0.0005679999999999999,0.283691,1.0099790000000002,0.072113,79.585037,56.795425,-354.448639
1525629548.71,-0.018765,-0.007398,0.037482,0.24881,0.960327,0.142426,79.511078,57.094757,-354.150543
1525629548.72,-0.040544,-0.011553,0.002624,0.208145,0.951492,0.141525,79.51037600000002,56.870209,-354.44928
1525629548.74,-0.1276,-0.044242000000000004,0.045198,0.212585,0.986862,0.112579,79.43425,56.719299,-353.998718
1525629548.76,-0.09617300000000001,0.056867999999999995,0.063975,0.231415,0.963028,0.133957,79.35946700000002,56.719421,-354.223938
1525629548.78,-0.052396000000000005,0.015149000000000001,-0.012131,0.242279,0.948685,0.129669,79.58493,56.869751,-353.999084
1525629548.8,-0.029269,-0.039297000000000006,-0.029445,0.221878,0.951721,0.149277,79.735336,56.945312,-354.074036
1525629548.82,-0.043587,-0.042457,0.021818999999999998,0.207123,0.978012,0.150162,79.510941,57.094528,-354.0005490000001
1525629548.84,-0.045091,-0.013655,-0.019672,0.220734,0.934448,0.15650899999999998,79.21060200000002,57.018631000000006,-354.001038
1525629548.86,-0.000909,0.078875,-0.00318,0.226349,0.967041,0.180298,79.283905,56.64386,-353.9987490000001
1525629548.88,0.012378,0.06387799999999999,0.039231999999999996,0.225266,0.977707,0.152206,79.135849,57.09329200000001,-353.926636
1525629548.9,-0.046830000000000004,0.097192,-0.010068,0.23291,0.956573,0.132751,79.361496,57.169434,-354.22641
1525629548.92,-0.075597,0.086654,-0.0043939999999999995,0.239395,0.971313,0.132324,79.286713,57.318527,-353.777435
1525629548.94,-0.071127,0.056742999999999995,0.105179,0.262756,0.97406,0.134384,79.210785,57.093414,-353.85144
1525629548.96,-0.089233,0.089862,0.10114400000000001,0.258759,0.964264,0.136551,79.21048,57.092957,-353.551422
1525629548.98,-0.020028999999999998,-0.06383899999999999,-0.054039,0.150864,0.942703,0.168915,79.133865,56.717834,-353.624603
1525629549.0,0.009376,-0.086409,0.086096,0.270584,1.002731,0.17040999999999998,79.510483,57.09385699999999,-353.550537
1525629549.02,0.0058460000000000005,-8.3e-05,0.128716,0.280762,0.963013,0.158478,79.436722,57.31896999999999,-353.777008
1525629549.04,-0.01671,-0.012733,0.032135000000000004,0.222321,0.950119,0.148788,78.911819,57.392075,-353.553955
1525629549.06,0.006412999999999999,-0.073575,0.015885,0.190414,0.971863,0.13861099999999998,78.685547,57.091492,-353.627991
1525629549.1,-0.026552999999999997,-0.025473,0.015225,0.225464,0.952789,0.163956,79.361954,57.31909200000001,-354.002228
1525629549.12,-0.007081000000000001,0.024531999999999998,0.026695999999999998,0.243652,0.958328,0.174301,78.911484,57.317062,-353.553558
1525629549.16,-0.030349,0.001173,0.048267000000000004,0.235199,0.962723,0.157578,78.912735,57.54240400000001,-353.779785
1525629549.24,0.115345,-0.034602999999999995,0.015618,0.192535,0.968231,0.172928,78.61350999999998,57.617188,-354.23111
1525629549.25,0.05056,-0.005559000000000001,0.034505,0.223236,0.952423,0.138702,78.38780200000002,57.540955,-353.856384
1525629549.27,0.07968,-0.025947,0.06395,0.232895,0.965958,0.14915499999999998,78.312958,57.540955,-354.006592
1525629549.29,0.101864,-0.046285,0.049842000000000004,0.223846,0.966736,0.147949,78.23835799999998,57.61582900000001,-354.082214
1525629549.31,0.094145,-0.057967999999999985,0.031842,0.187683,0.953903,0.14408900000000002,78.23783900000002,57.466064,-354.231415
1525629549.33,0.072484,-0.16125699999999998,0.026782,0.193283,0.973175,0.135818,78.389145,57.691971,-354.532196
1525629549.35,0.08066799999999999,-0.275331,0.021356,0.222015,0.97464,0.121948,78.08998100000002,57.84129300000001,-354.683899
1525629549.37,0.092074,-0.147498,0.055279999999999996,0.245514,0.971832,0.149048,78.013626,57.541061,-354.682465
1525629549.39,0.095687,-0.092101,0.077589,0.212265,0.969971,0.150009,77.787903,57.315842,-354.981934
1525629549.42,0.08167200000000001,-0.08244299999999999,0.063924,0.17598,0.963501,0.125977,77.712616,57.166168000000006,-355.356323
1525629549.43,0.105557,-0.098509,0.013607,0.188309,0.957855,0.119736,77.639114,57.466171,-355.508179
1525629549.46,0.123453,-0.11136700000000001,-0.0036420000000000003,0.205521,0.96405,0.134521,77.714874,57.616516,-355.583771
1525629549.47,0.120611,-0.098577,0.023002,0.199615,0.97551,0.138138,77.416443,57.91597,-355.81134
1525629549.49,0.098694,-0.04947,0.053074,0.199951,0.969986,0.124176,77.339157,57.390854,-355.883698
1525629549.53,0.048366,-0.050316,0.038787999999999996,0.208359,0.963898,0.103989,77.264526,57.39119,-356.258942
1525629549.57,0.05305700000000002,-0.048219,0.07279,0.212173,0.973083,0.101105,77.341782,57.841751,-356.486176
1525629549.59,0.037311000000000004,-0.065217,0.097463,0.201492,0.979477,0.107437,76.891663,57.765747,-356.712097
1525629549.61,0.037319,-0.067349,0.098527,0.19014,0.970856,0.106384,76.590424,57.53950500000001,-356.486786
1525629549.64,0.003918,-0.068261,0.072326,0.191818,0.965134,0.108627,76.66757199999998,57.91540500000001,-356.938599
1525629549.67,0.052487,-0.072712,0.031287,0.175125,0.970398,0.107468,76.66798399999998,57.990524,-357.014008
1525629549.71,0.048671,-0.06308,-0.020819999999999998,0.179581,0.968567,0.107681,76.517563,57.914963,-356.939026
1525629549.73,0.045533,-0.058806,-0.016524,0.188904,0.970856,0.112061,76.290802,57.539169,-356.862671
