,Time,TimeRedundant,X,Y,Z
0,1525628534.810792,1525628534.810792,-0.08833300000000001,0.9915309999999999,0.049667
1,1525628534.820718,1525628534.820718,-0.084152,0.9922489999999999,0.051559
2,1525628534.831382,1525628534.831382,-0.085022,0.9915309999999999,0.044861
3,1525628534.8406868,1525628534.8406868,-0.07833899999999999,0.9865719999999999,0.042694
4,1525628534.850642,1525628534.850642,-0.076309,0.9816889999999999,0.043532999999999995
5,1525628534.860559,1525628534.860559,-0.082962,0.9820399999999999,0.046127
6,1525628534.8716311,1525628534.8716311,-0.089172,0.9942469999999999,0.050200999999999996
7,1525628534.8806632,1525628534.8806632,-0.091675,1.0012510000000001,0.053558
8,1525628534.89066,1525628534.89066,-0.090927,0.994812,0.047744999999999996
9,1525628534.9004788,1525628534.9004788,-0.086243,0.9888,0.044891
10,1525628534.910578,1525628534.910578,-0.083008,0.990585,0.044235000000000003
11,1525628534.922536,1525628534.922536,-0.07728600000000001,0.994965,0.040268
12,1525628534.930362,1525628534.930362,-0.074585,0.988022,0.038284
13,1525628534.940424,1525628534.940424,-0.081711,0.9801030000000001,0.041901
14,1525628534.950476,1525628534.950476,-0.096375,0.9821620000000001,0.048904
15,1525628534.960476,1525628534.960476,-0.10661300000000001,0.986786,0.06018099999999999
16,1525628534.974134,1525628534.974134,-0.10324100000000001,0.990311,0.068619
17,1525628534.9803731,1525628534.9803731,-0.090286,1.0007780000000002,0.068756
18,1525628534.9902608,1525628534.9902608,-0.070221,1.018692,0.06405599999999999
19,1525628535.000382,1525628535.000382,-0.051651,1.011414,0.051346
20,1525628535.011183,1525628535.011183,-0.048004000000000005,0.989456,0.040848
21,1525628535.0202868,1525628535.0202868,-0.053176999999999995,0.983215,0.039108
22,1525628535.03034,1525628535.03034,-0.062988,0.9880979999999999,0.042953
23,1525628535.0402381,1525628535.0402381,-0.07482899999999999,0.994919,0.044189
24,1525628535.050279,1525628535.050279,-0.083069,0.9939879999999999,0.042053
25,1525628535.060132,1525628535.060132,-0.09135399999999999,0.98941,0.041625999999999996
26,1525628535.070543,1525628535.070543,-0.098633,0.995865,0.045959
27,1525628535.0802891,1525628535.0802891,-0.100983,0.9978030000000001,0.050277999999999996
28,1525628535.0901,1525628535.0901,-0.097748,0.9891969999999999,0.049270999999999995
29,1525628535.1011698,1525628535.1011698,-0.08583099999999999,0.9869379999999999,0.045609
30,1525628535.110166,1525628535.110166,-0.0737,0.9939120000000001,0.043488
31,1525628535.120019,1525628535.120019,-0.068085,1.0010379999999999,0.041107
32,1525628535.130328,1525628535.130328,-0.06279,1.002304,0.04187
33,1525628535.141318,1525628535.141318,-0.061096000000000004,1.004868,0.039642000000000004
34,1525628535.150343,1525628535.150343,-0.068268,1.002426,0.033676
35,1525628535.160213,1525628535.160213,-0.076828,0.994034,0.03186
36,1525628535.1708279,1525628535.1708279,-0.08165,0.987274,0.037735000000000005
37,1525628535.1804302,1525628535.1804302,-0.08342000000000001,0.9825440000000001,0.041443
38,1525628535.190667,1525628535.190667,-0.084625,0.981323,0.042038
39,1525628535.200149,1525628535.200149,-0.08551,0.986237,0.043121
40,1525628535.210295,1525628535.210295,-0.08142100000000001,0.9936219999999999,0.042404000000000004
41,1525628535.2201679,1525628535.2201679,-0.078079,0.9968870000000001,0.042572000000000006
42,1525628535.231981,1525628535.231981,-0.078644,0.996246,0.043594
43,1525628535.240058,1525628535.240058,-0.07814,0.99469,0.040313999999999996
44,1525628535.250324,1525628535.250324,-0.075653,0.9942469999999999,0.034546
45,1525628535.260042,1525628535.260042,-0.07103,0.9908450000000001,0.035217
46,1525628535.275203,1525628535.275203,-0.071335,0.9868319999999999,0.036377
47,1525628535.283188,1525628535.283188,-0.082764,0.97757,0.026398
48,1525628535.290036,1525628535.290036,-0.09979199999999999,0.9660340000000001,0.012268000000000001
49,1525628535.299969,1525628535.299969,-0.102966,0.9692379999999999,0.011307
50,1525628535.310009,1525628535.310009,-0.082642,0.981079,0.014481
51,1525628535.322307,1525628535.322307,-0.054871,1.001572,0.025223
52,1525628535.329955,1525628535.329955,-0.03476,1.019043,0.050095
53,1525628535.339968,1525628535.339968,-0.034194999999999996,1.0186,0.057083
54,1525628535.3498769,1525628535.3498769,-0.051315,1.0180209999999998,0.042953
55,1525628535.360909,1525628535.360909,-0.07435599999999999,1.025742,0.030518
56,1525628535.3699381,1525628535.3699381,-0.091934,1.041046,0.011353
57,1525628535.380191,1525628535.380191,-0.100601,1.0312649999999999,0.039536
58,1525628535.3898098,1525628535.3898098,-0.10304300000000001,1.000229,0.06979400000000001
59,1525628535.399737,1525628535.399737,-0.103653,0.956741,0.086029
60,1525628535.413295,1525628535.413295,-0.080627,0.935089,0.116928
61,1525628535.419901,1525628535.419901,-0.090637,0.9787899999999999,0.064453
62,1525628535.429761,1525628535.429761,-0.10818499999999999,1.014542,0.038422000000000005
63,1525628535.43963,1525628535.43963,-0.107956,1.019058,0.048111
64,1525628535.449721,1525628535.449721,-0.097885,0.993866,0.052444000000000005
65,1525628535.4596632,1525628535.4596632,-0.067902,0.975311,0.06514
66,1525628535.469831,1525628535.469831,-0.027206,0.980667,0.067413
67,1525628535.4798439,1525628535.4798439,-0.018997,1.006119,0.044907
68,1525628535.4897368,1525628535.4897368,-0.033005,1.034866,0.030304
69,1525628535.499613,1525628535.499613,-0.053466999999999994,1.043549,0.028045999999999998
70,1525628535.5096939,1525628535.5096939,-0.07077,1.029938,0.037262
71,1525628535.519386,1525628535.519386,-0.075409,0.999649,0.044403
72,1525628535.529685,1525628535.529685,-0.059341,0.9737239999999999,0.023819
73,1525628535.541602,1525628535.541602,-0.033339999999999995,0.975037,0.0022429999999999998
74,1525628535.574681,1525628535.574681,-0.015961000000000003,0.996826,-0.008255
75,1525628535.579511,1525628535.579511,-0.010361,1.019196,-0.007416
76,1525628535.579631,1525628535.579631,-0.014572,1.0233459999999999,-0.0016170000000000002
77,1525628535.5800462,1525628535.5800462,-0.019867,1.014343,0.018875
78,1525628535.589628,1525628535.589628,-0.035644999999999996,0.9942629999999999,0.058166999999999996
79,1525628535.5990949,1525628535.5990949,-0.072189,0.9751280000000001,0.086838
80,1525628535.6091619,1525628535.6091619,-0.11636400000000001,0.9696809999999999,0.093277
81,1525628535.61906,1525628535.61906,-0.158356,0.970535,0.09349099999999999
82,1525628535.629265,1525628535.629265,-0.19250499999999998,0.971161,0.10072300000000001
83,1525628535.639261,1525628535.639261,-0.21209699999999998,0.966095,0.10321
84,1525628535.649331,1525628535.649331,-0.212646,0.965347,0.09883099999999999
85,1525628535.6592321,1525628535.6592321,-0.19786099999999998,0.971786,0.096054
86,1525628535.6694,1525628535.6694,-0.17616300000000001,0.978668,0.104965
87,1525628535.679262,1525628535.679262,-0.158737,0.980713,0.11726400000000001
88,1525628535.689333,1525628535.689333,-0.148849,0.980194,0.12275699999999999
89,1525628535.69906,1525628535.69906,-0.146118,0.9787290000000001,0.121796
90,1525628535.709273,1525628535.709273,-0.146225,0.9837950000000001,0.114899
91,1525628535.719165,1525628535.719165,-0.141083,0.992966,0.108902
92,1525628535.7292962,1525628535.7292962,-0.131424,1.00032,0.109955
93,1525628535.739111,1525628535.739111,-0.12088,1.002792,0.122208
94,1525628535.749206,1525628535.749206,-0.116806,1.000229,0.138443
95,1525628535.759038,1525628535.759038,-0.12455699999999999,0.9990389999999999,0.14240999999999998
96,1525628535.769144,1525628535.769144,-0.143066,0.994492,0.142029
97,1525628535.7791722,1525628535.7791722,-0.167435,0.9879459999999999,0.138
98,1525628535.789111,1525628535.789111,-0.185974,0.978226,0.12925699999999998
99,1525628535.798983,1525628535.798983,-0.197128,0.962234,0.128403
100,1525628535.808991,1525628535.808991,-0.206223,0.946182,0.135498
101,1525628535.8190699,1525628535.8190699,-0.22065700000000002,0.9387209999999999,0.141876
102,1525628535.828983,1525628535.828983,-0.242279,0.934494,0.136261
103,1525628535.8389132,1525628535.8389132,-0.26561,0.935425,0.110733
104,1525628535.848925,1525628535.848925,-0.27887,0.9550629999999999,0.076538
105,1525628535.858673,1525628535.858673,-0.269989,0.977676,0.069641
106,1525628535.869016,1525628535.869016,-0.23542800000000003,0.988419,0.087448
107,1525628535.879031,1525628535.879031,-0.186478,0.970734,0.10340899999999999
108,1525628535.888971,1525628535.888971,-0.14238,0.9503780000000001,0.09425399999999999
109,1525628535.899013,1525628535.899013,-0.12468,0.9588780000000001,0.078461
110,1525628535.908943,1525628535.908943,-0.146439,0.9906010000000001,0.073959
111,1525628535.918884,1525628535.918884,-0.200226,1.000702,0.077698
112,1525628535.9287539,1525628535.9287539,-0.26318400000000003,0.9622040000000001,0.082596
113,1525628535.938671,1525628535.938671,-0.312073,0.926285,0.082703
114,1525628535.948748,1525628535.948748,-0.333969,0.922226,0.07635499999999999
115,1525628535.9585972,1525628535.9585972,-0.320343,0.9450379999999999,0.056366
116,1525628535.968808,1525628535.968808,-0.277863,0.966568,0.040848
117,1525628535.978568,1525628535.978568,-0.225723,0.972244,0.035568
118,1525628535.988725,1525628535.988725,-0.178421,0.967102,0.044677999999999995
119,1525628535.998557,1525628535.998557,-0.14361600000000002,0.967377,0.054657000000000004
120,1525628536.00863,1525628536.00863,-0.12428299999999999,0.978607,0.058455999999999994
121,1525628536.01833,1525628536.01833,-0.12361099999999998,0.9906159999999999,0.048615
122,1525628536.0285509,1525628536.0285509,-0.14572100000000002,1.000916,0.036316
123,1525628536.038433,1525628536.038433,-0.189102,0.985733,0.050858
124,1525628536.0486212,1525628536.0486212,-0.23690799999999998,0.9505,0.064743
125,1525628536.058371,1525628536.058371,-0.280075,0.941284,0.054091999999999994
126,1525628536.068651,1525628536.068651,-0.325439,0.9508059999999999,0.056029999999999996
127,1525628536.07854,1525628536.07854,-0.36972,0.9413299999999999,0.1026
128,1525628536.088465,1525628536.088465,-0.392685,0.920319,0.141541
129,1525628536.098376,1525628536.098376,-0.366989,0.922638,0.13183599999999998
130,1525628536.108402,1525628536.108402,-0.286819,0.941483,0.154907
131,1525628536.1182768,1525628536.1182768,-0.193634,0.9633940000000001,0.209244
132,1525628536.128324,1525628536.128324,-0.138168,0.9877469999999999,0.237839
133,1525628536.138365,1525628536.138365,-0.136078,1.0077209999999999,0.22563200000000003
134,1525628536.148491,1525628536.148491,-0.172653,1.012802,0.192459
135,1525628536.158078,1525628536.158078,-0.21669000000000002,1.0021209999999998,0.135742
136,1525628536.168248,1525628536.168248,-0.24291999999999997,0.9724430000000001,0.08859299999999999
137,1525628536.178185,1525628536.178185,-0.240204,0.9492799999999999,0.058914
138,1525628536.188368,1525628536.188368,-0.222183,0.965103,0.024734
139,1525628536.198075,1525628536.198075,-0.20991500000000002,1.001099,0.000275
140,1525628536.208239,1525628536.208239,-0.200897,1.006516,-0.010605
141,1525628536.218037,1525628536.218037,-0.187378,0.988419,-0.029876999999999997
142,1525628536.228412,1525628536.228412,-0.17424,0.97049,-0.045654
143,1525628536.2380831,1525628536.2380831,-0.158081,0.9632569999999999,-0.048386
144,1525628536.248086,1525628536.248086,-0.133438,0.9701540000000001,-0.018311
145,1525628536.257953,1525628536.257953,-0.09729,0.985626,0.020065
146,1525628536.268038,1525628536.268038,-0.052673000000000005,1.008194,0.0466
147,1525628536.278077,1525628536.278077,-0.031479,1.024551,0.082962
148,1525628536.287991,1525628536.287991,-0.074905,1.0215610000000002,0.10246300000000001
149,1525628536.2978652,1525628536.2978652,-0.181976,1.004501,0.076172
150,1525628536.307938,1525628536.307938,-0.29017600000000005,0.982559,0.049270999999999995
151,1525628536.317825,1525628536.317825,-0.353745,0.956451,0.057175
152,1525628536.3287551,1525628536.3287551,-0.371307,0.924423,0.06459
153,1525628536.337662,1525628536.337662,-0.35383600000000004,0.91243,0.063324
154,1525628536.347867,1525628536.347867,-0.31517,0.9260860000000001,0.070526
155,1525628536.357739,1525628536.357739,-0.26965300000000003,0.9508969999999999,0.084152
156,1525628536.367909,1525628536.367909,-0.233475,0.9710690000000001,0.090012
157,1525628536.3778641,1525628536.3778641,-0.20822100000000002,0.9751280000000001,0.08796699999999999
158,1525628536.387786,1525628536.387786,-0.191254,0.9772489999999999,0.096863
159,1525628536.397691,1525628536.397691,-0.191376,0.990051,0.112976
160,1525628536.407745,1525628536.407745,-0.218719,1.001953,0.093399
161,1525628536.4177759,1525628536.4177759,-0.270905,0.991714,0.08909600000000001
162,1525628536.427702,1525628536.427702,-0.323502,0.953232,0.091248
163,1525628536.437574,1525628536.437574,-0.349152,0.918823,0.068634
164,1525628536.447688,1525628536.447688,-0.345673,0.906525,0.062027
165,1525628536.457532,1525628536.457532,-0.324921,0.9214319999999999,0.06423999999999999
166,1525628536.4676561,1525628536.4676561,-0.29426599999999997,0.9526819999999999,0.058852999999999996
167,1525628536.4776552,1525628536.4776552,-0.251877,0.9742280000000001,0.059128
168,1525628536.487574,1525628536.487574,-0.21232600000000001,0.9834139999999999,0.070877
169,1525628536.4973779,1525628536.4973779,-0.194214,0.9910889999999999,0.081436
170,1525628536.507539,1525628536.507539,-0.202576,0.990799,0.11250299999999999
171,1525628536.517412,1525628536.517412,-0.23539699999999997,0.973663,0.12144500000000001
172,1525628536.527582,1525628536.527582,-0.275543,0.946838,0.105103
173,1525628536.5373619,1525628536.5373619,-0.30950900000000003,0.9264979999999999,0.09429900000000001
174,1525628536.54751,1525628536.54751,-0.330383,0.919983,0.08982799999999999
175,1525628536.5573301,1525628536.5573301,-0.337708,0.9245450000000001,0.090714
176,1525628536.567415,1525628536.567415,-0.338348,0.935501,0.092438
177,1525628536.57744,1525628536.57744,-0.33609,0.940384,0.101639
178,1525628536.587372,1525628536.587372,-0.331665,0.9384459999999999,0.113251
179,1525628536.597632,1525628536.597632,-0.328339,0.933731,0.131348
180,1525628536.607891,1525628536.607891,-0.327896,0.9329219999999999,0.140732
181,1525628536.617233,1525628536.617233,-0.327606,0.9366,0.13053900000000002
182,1525628536.627592,1525628536.627592,-0.319916,0.943787,0.13105799999999998
183,1525628536.63719,1525628536.63719,-0.302856,0.9541780000000001,0.13931300000000002
184,1525628536.647727,1525628536.647727,-0.281433,0.958466,0.14268499999999998
185,1525628536.657225,1525628536.657225,-0.272888,0.9578399999999999,0.158081
186,1525628536.667559,1525628536.667559,-0.279617,0.958832,0.164108
187,1525628536.677417,1525628536.677417,-0.29686,0.954926,0.17385899999999999
188,1525628536.687491,1525628536.687491,-0.326462,0.945709,0.188202
189,1525628536.697066,1525628536.697066,-0.362991,0.9350430000000001,0.182877
190,1525628536.7071311,1525628536.7071311,-0.387329,0.920258,0.159973
191,1525628536.7170289,1525628536.7170289,-0.392258,0.910294,0.148636
192,1525628536.7271118,1525628536.7271118,-0.38623,0.9058379999999999,0.141739
193,1525628536.7369869,1525628536.7369869,-0.369843,0.9035639999999999,0.126144
194,1525628536.747072,1525628536.747072,-0.350525,0.905014,0.119827
195,1525628536.756948,1525628536.756948,-0.339371,0.913559,0.12055999999999999
196,1525628536.7670321,1525628536.7670321,-0.343781,0.9169010000000001,0.134506
197,1525628536.777064,1525628536.777064,-0.359528,0.90715,0.138535
198,1525628536.787078,1525628536.787078,-0.37262,0.897476,0.128342
199,1525628536.79686,1525628536.79686,-0.379761,0.90509,0.142853
200,1525628536.806947,1525628536.806947,-0.370193,0.924866,0.169022
201,1525628536.816899,1525628536.816899,-0.34075900000000003,0.947891,0.196823
202,1525628536.827106,1525628536.827106,-0.309189,0.9641270000000001,0.232498
203,1525628536.836753,1525628536.836753,-0.29775999999999997,0.9624940000000001,0.260254
204,1525628536.846898,1525628536.846898,-0.311447,0.940048,0.27407800000000004
205,1525628536.856734,1525628536.856734,-0.348511,0.919983,0.288208
206,1525628536.866823,1525628536.866823,-0.3992,0.91655,0.287735
207,1525628536.87686,1525628536.87686,-0.45436099999999996,0.9243469999999999,0.262009
208,1525628536.886744,1525628536.886744,-0.499283,0.929214,0.21322600000000003
209,1525628536.8966448,1525628536.8966448,-0.514267,0.9229430000000001,0.186691
210,1525628536.906738,1525628536.906738,-0.49108900000000005,0.914062,0.18074
211,1525628536.916612,1525628536.916612,-0.444305,0.9149930000000001,0.168732
212,1525628536.9266949,1525628536.9266949,-0.399094,0.9296260000000001,0.176117
213,1525628536.936701,1525628536.936701,-0.372147,0.945282,0.192245
214,1525628536.946526,1525628536.946526,-0.37822,0.948441,0.20015
215,1525628536.956528,1525628536.956528,-0.416901,0.9372860000000001,0.184998
216,1525628536.966613,1525628536.966613,-0.46272299999999994,0.9119870000000001,0.179108
217,1525628536.976763,1525628536.976763,-0.49765,0.896774,0.196182
218,1525628536.986658,1525628536.986658,-0.5106510000000001,0.905777,0.208252
219,1525628536.996438,1525628536.996438,-0.490433,0.917801,0.23449699999999998
220,1525628537.006811,1525628537.006811,-0.44868500000000006,0.923325,0.271027
221,1525628537.016402,1525628537.016402,-0.40831,0.935638,0.29689
222,1525628537.0264812,1525628537.0264812,-0.39353899999999997,0.9718319999999999,0.315369
223,1525628537.036458,1525628537.036458,-0.42866499999999996,1.055954,0.318405
224,1525628537.04645,1525628537.04645,-0.49095200000000006,1.1710049999999999,0.29180900000000004
225,1525628537.056317,1525628537.056317,-0.49855,1.2168729999999999,0.259964
226,1525628537.066408,1525628537.066408,-0.413254,1.13028,0.27973899999999996
227,1525628537.076369,1525628537.076369,-0.29891999999999996,0.9901120000000001,0.31256100000000003
228,1525628537.086539,1525628537.086539,-0.212418,0.913437,0.32305900000000004
229,1525628537.096237,1525628537.096237,-0.163483,0.9311520000000001,0.331619
230,1525628537.106202,1525628537.106202,-0.151596,1.01326,0.347549
231,1525628537.116197,1525628537.116197,-0.16178900000000002,1.0967559999999998,0.355072
232,1525628537.126281,1525628537.126281,-0.181351,1.149139,0.338898
233,1525628537.1364882,1525628537.1364882,-0.19985999999999998,1.169952,0.328583
234,1525628537.146265,1525628537.146265,-0.20814499999999997,1.1110229999999999,0.338989
235,1525628537.15614,1525628537.15614,-0.21095300000000003,1.021851,0.32963600000000004
236,1525628537.166226,1525628537.166226,-0.23136900000000002,0.9739690000000001,0.32106
237,1525628537.1762571,1525628537.1762571,-0.285919,0.9453889999999999,0.343048
238,1525628537.186429,1525628537.186429,-0.395325,0.8986209999999999,0.401108
239,1525628537.196057,1525628537.196057,-0.5662229999999999,0.81842,0.47157299999999996
240,1525628537.2061448,1525628537.2061448,-0.778305,0.76149,0.494324
241,1525628537.216017,1525628537.216017,-0.977951,0.759979,0.416824
242,1525628537.2261019,1525628537.2261019,-1.075424,0.736603,0.287994
243,1525628537.236487,1525628537.236487,-1.033264,0.663666,0.331253
244,1525628537.246064,1525628537.246064,-0.8682860000000001,0.605408,0.409103
245,1525628537.255932,1525628537.255932,-0.6210479999999999,0.604034,0.25256300000000004
246,1525628537.265908,1525628537.265908,-0.329895,0.63356,-0.026688
247,1525628537.276051,1525628537.276051,-0.043564,0.651764,-0.159668
248,1525628537.286242,1525628537.286242,0.175674,0.632828,-0.128082
249,1525628537.296542,1525628537.296542,0.282715,0.596588,-0.021515
250,1525628537.3074179,1525628537.3074179,0.267151,0.582703,0.059066999999999995
251,1525628537.3164198,1525628537.3164198,0.131638,0.589188,0.110825
252,1525628537.3258939,1525628537.3258939,-0.082321,0.6149439999999999,0.144058
253,1525628537.336482,1525628537.336482,-0.316254,0.667801,0.15783699999999998
254,1525628537.347579,1525628537.347579,-0.531799,0.720337,0.170654
255,1525628537.356157,1525628537.356157,-0.699295,0.736923,0.179321
256,1525628537.365794,1525628537.365794,-0.791656,0.7141109999999999,0.177429
257,1525628537.3761358,1525628537.3761358,-0.791656,0.685333,0.16888399999999998
258,1525628537.385864,1525628537.385864,-0.713364,0.685318,0.162704
259,1525628537.395783,1525628537.395783,-0.60614,0.7246859999999999,0.172333
260,1525628537.40573,1525628537.40573,-0.5134890000000001,0.798477,0.193497
261,1525628537.415958,1525628537.415958,-0.457611,0.888016,0.20527600000000001
262,1525628537.425562,1525628537.425562,-0.445312,0.962708,0.207169
263,1525628537.435644,1525628537.435644,-0.47242700000000004,0.994934,0.217484
264,1525628537.445644,1525628537.445644,-0.519012,1.00206,0.22905
265,1525628537.455446,1525628537.455446,-0.569153,1.0198209999999999,0.233429
266,1525628537.4656858,1525628537.4656858,-0.611252,1.0544129999999998,0.230377
267,1525628537.475632,1525628537.475632,-0.643784,1.081741,0.229965
268,1525628537.485649,1525628537.485649,-0.6598970000000001,1.077957,0.237137
269,1525628537.4954538,1525628537.4954538,-0.659988,1.049042,0.252197
270,1525628537.505519,1525628537.505519,-0.6451720000000001,1.017242,0.27092
271,1525628537.515489,1525628537.515489,-0.621246,0.9991459999999999,0.290451
272,1525628537.52548,1525628537.52548,-0.588715,0.9970700000000001,0.306656
273,1525628537.535449,1525628537.535449,-0.54805,0.991776,0.323257
274,1525628537.545451,1525628537.545451,-0.516357,0.9760129999999999,0.352249
275,1525628537.55531,1525628537.55531,-0.504822,0.9696809999999999,0.39061
276,1525628537.565488,1525628537.565488,-0.5110020000000001,0.9752350000000001,0.422012
277,1525628537.575445,1525628537.575445,-0.524384,0.9743959999999999,0.451172
278,1525628537.585495,1525628537.585495,-0.533203,0.9694209999999999,0.468933
279,1525628537.595221,1525628537.595221,-0.524185,0.965851,0.45176700000000003
280,1525628537.605189,1525628537.605189,-0.492889,0.955017,0.409637
281,1525628537.6152802,1525628537.6152802,-0.458481,0.933884,0.37735
282,1525628537.625272,1525628537.625272,-0.436508,0.9125209999999999,0.373886
283,1525628537.635144,1525628537.635144,-0.41497799999999996,0.898056,0.375961
284,1525628537.645495,1525628537.645495,-0.39296,0.89505,0.370026
285,1525628537.655104,1525628537.655104,-0.37326,0.894913,0.34971599999999997
286,1525628537.66528,1525628537.66528,-0.354568,0.886658,0.335388
287,1525628537.675249,1525628537.675249,-0.33815,0.873367,0.342346
288,1525628537.685176,1525628537.685176,-0.332733,0.8493799999999999,0.353256
289,1525628537.695045,1525628537.695045,-0.344238,0.818619,0.349487
290,1525628537.7051349,1525628537.7051349,-0.371216,0.798874,0.35037199999999996
291,1525628537.71488,1525628537.71488,-0.402084,0.796509,0.349792
292,1525628537.725087,1525628537.725087,-0.42689499999999997,0.812271,0.346985
293,1525628537.734999,1525628537.734999,-0.43887299999999996,0.842239,0.347458
294,1525628537.745125,1525628537.745125,-0.434799,0.8793489999999999,0.33773800000000004
295,1525628537.755763,1525628537.755763,-0.42726099999999995,0.9177549999999999,0.344955
296,1525628537.765009,1525628537.765009,-0.41435200000000005,0.9658969999999999,0.392014
297,1525628537.775042,1525628537.775042,-0.369904,1.042969,0.490662
298,1525628537.7849731,1525628537.7849731,-0.22750900000000002,1.208679,0.616165
299,1525628537.794842,1525628537.794842,0.212479,1.4769290000000002,0.342148
300,1525628537.8049278,1525628537.8049278,0.896042,1.779221,-0.379089
301,1525628537.814802,1525628537.814802,1.090515,1.8224490000000002,-0.793121
302,1525628537.825203,1525628537.825203,0.6710510000000001,1.718765,-0.627258
303,1525628537.8347619,1525628537.8347619,0.142044,1.637146,-0.217941
304,1525628537.844847,1525628537.844847,-0.126328,1.379669,0.24408000000000002
305,1525628537.854635,1525628537.854635,-0.157654,0.969849,0.542145
306,1525628537.864805,1525628537.864805,-0.147751,0.6146550000000001,0.6512600000000001
307,1525628537.874716,1525628537.874716,-0.137009,0.47282399999999997,0.520691
308,1525628537.884763,1525628537.884763,-0.137482,0.594086,0.194504
309,1525628537.894625,1525628537.894625,-0.154968,0.904343,-0.112259
310,1525628537.9047961,1525628537.9047961,-0.13536099999999998,1.193573,-0.23072800000000002
311,1525628537.914607,1525628537.914607,-0.051834000000000005,1.280029,-0.147751
312,1525628537.924673,1525628537.924673,0.038879000000000004,1.137299,-0.015625
313,1525628537.934552,1525628537.934552,0.077896,0.912781,0.055679
314,1525628537.944634,1525628537.944634,0.055557,0.766342,0.036499000000000004
315,1525628537.954505,1525628537.954505,0.006027,0.762238,-0.058089999999999996
316,1525628537.9646132,1525628537.9646132,-0.024582,0.883713,-0.153442
317,1525628537.9746199,1525628537.9746199,0.0038759999999999997,1.031891,-0.136139
318,1525628537.984556,1525628537.984556,0.058487,1.124191,-0.013824000000000001
319,1525628537.994458,1525628537.994458,0.100281,1.14093,0.12255899999999999
320,1525628538.004448,1525628538.004448,0.117401,1.090683,0.22143600000000002
321,1525628538.014424,1525628538.014424,0.089127,1.008606,0.253281
322,1525628538.025013,1525628538.025013,0.0045780000000000005,0.951126,0.22480799999999998
323,1525628538.03422,1525628538.03422,-0.120926,0.9380649999999999,0.139587
324,1525628538.044968,1525628538.044968,-0.254913,0.935623,0.04213
325,1525628538.0542982,1525628538.0542982,-0.373627,0.924149,-0.008514
326,1525628538.064891,1525628538.064891,-0.44181800000000004,0.909958,-0.048187
327,1525628538.07442,1525628538.07442,-0.419922,0.897949,-0.088882
328,1525628538.084632,1525628538.084632,-0.312515,0.9049379999999999,-0.104202
329,1525628538.094355,1525628538.094355,-0.169693,0.948486,-0.102493
330,1525628538.104348,1525628538.104348,-0.048248,1.004578,-0.079788
331,1525628538.114374,1525628538.114374,0.019393999999999998,1.0433649999999999,-0.018036
332,1525628538.124158,1525628538.124158,0.029006999999999998,1.058884,0.022354
333,1525628538.134084,1525628538.134084,-0.004044,1.042389,0.038269
334,1525628538.144226,1525628538.144226,-0.074127,1.006302,0.045288
335,1525628538.154098,1525628538.154098,-0.155151,0.971191,0.04007
336,1525628538.164238,1525628538.164238,-0.22790500000000002,0.9465030000000001,0.043045
337,1525628538.174215,1525628538.174215,-0.277969,0.9366760000000001,0.051132
338,1525628538.184141,1525628538.184141,-0.298874,0.9355319999999999,0.0681
339,1525628538.19389,1525628538.19389,-0.289459,0.93837,0.084274
340,1525628538.204059,1525628538.204059,-0.261795,0.946732,0.101578
341,1525628538.214194,1525628538.214194,-0.23057600000000003,0.959808,0.11608900000000001
342,1525628538.224161,1525628538.224161,-0.204681,0.970535,0.11476099999999999
343,1525628538.233958,1525628538.233958,-0.19117699999999999,0.972031,0.12027
344,1525628538.2440429,1525628538.2440429,-0.198547,0.966309,0.12901300000000002
345,1525628538.253916,1525628538.253916,-0.22770700000000002,0.9558719999999999,0.125748
346,1525628538.26406,1525628538.26406,-0.263397,0.9483030000000001,0.10876500000000001
347,1525628538.2740312,1525628538.2740312,-0.290939,0.946426,0.09137
348,1525628538.2839642,1525628538.2839642,-0.295227,0.948685,0.092575
349,1525628538.293969,1525628538.293969,-0.270416,0.958282,0.088608
350,1525628538.303921,1525628538.303921,-0.228546,0.976944,0.086868
351,1525628538.31379,1525628538.31379,-0.197479,1.009201,0.105972
352,1525628538.323879,1525628538.323879,-0.191467,1.022385,0.110153
353,1525628538.333755,1525628538.333755,-0.19696,0.990509,0.09338400000000001
354,1525628538.343833,1525628538.343833,-0.20788600000000002,0.9519200000000001,0.07913200000000001
355,1525628538.353532,1525628538.353532,-0.23034699999999997,0.940933,0.079636
356,1525628538.3637981,1525628538.3637981,-0.24664299999999997,0.9477389999999999,0.07725499999999999
357,1525628538.37386,1525628538.37386,-0.256119,0.9563139999999999,0.08258099999999999
358,1525628538.383713,1525628538.383713,-0.266617,0.958084,0.08985900000000001
359,1525628538.393632,1525628538.393632,-0.27665700000000004,0.9502719999999999,0.076508
360,1525628538.4037151,1525628538.4037151,-0.284225,0.93811,0.058776999999999996
361,1525628538.4138892,1525628538.4138892,-0.29303,0.9282379999999999,0.043274
362,1525628538.423671,1525628538.423671,-0.298019,0.922241,0.016464
363,1525628538.433543,1525628538.433543,-0.297195,0.926422,0.0030210000000000002
364,1525628538.4436278,1525628538.4436278,-0.29068,0.9340360000000001,0.037598
365,1525628538.453441,1525628538.453441,-0.27413899999999997,0.9326479999999999,0.067535
366,1525628538.4637241,1525628538.4637241,-0.242844,0.9301450000000001,0.075089
367,1525628538.4736211,1525628538.4736211,-0.213928,0.9387209999999999,0.101654
368,1525628538.483549,1525628538.483549,-0.205627,0.9573969999999999,0.115402
369,1525628538.493418,1525628538.493418,-0.214096,0.9691930000000001,0.12117
370,1525628538.503444,1525628538.503444,-0.238037,0.970535,0.12153599999999999
371,1525628538.513251,1525628538.513251,-0.27131700000000003,0.9690549999999999,0.116104
372,1525628538.523463,1525628538.523463,-0.305115,0.963593,0.11938499999999999
373,1525628538.5336132,1525628538.5336132,-0.339142,0.955887,0.11554
374,1525628538.543504,1525628538.543504,-0.365295,0.9398040000000001,0.104324
375,1525628538.553348,1525628538.553348,-0.374802,0.921982,0.106049
376,1525628538.5633788,1525628538.5633788,-0.379333,0.9157709999999999,0.11383099999999999
377,1525628538.573411,1525628538.573411,-0.373657,0.926834,0.12350499999999999
378,1525628538.5833411,1525628538.5833411,-0.36106900000000003,0.956024,0.149811
379,1525628538.593369,1525628538.593369,-0.353088,0.986908,0.169922
380,1525628538.603321,1525628538.603321,-0.359421,0.9935299999999999,0.182785
381,1525628538.613169,1525628538.613169,-0.374023,0.980392,0.199265
382,1525628538.623255,1525628538.623255,-0.39624000000000004,0.968643,0.209244
383,1525628538.633127,1525628538.633127,-0.426529,0.9637760000000001,0.216583
384,1525628538.643086,1525628538.643086,-0.456955,0.9661559999999999,0.218781
385,1525628538.653259,1525628538.653259,-0.482758,0.973358,0.183075
386,1525628538.6631029,1525628538.6631029,-0.499817,0.984116,0.09883099999999999
387,1525628538.673267,1525628538.673267,-0.47793599999999997,0.9669040000000001,0.06488
388,1525628538.683134,1525628538.683134,-0.442154,0.9403229999999999,0.138199
389,1525628538.693141,1525628538.693141,-0.41964700000000005,0.938736,0.145004
390,1525628538.703261,1525628538.703261,-0.406815,0.9464870000000001,0.154221
391,1525628538.71296,1525628538.71296,-0.407379,0.960144,0.20105
392,1525628538.723046,1525628538.723046,-0.42428599999999994,0.977432,0.22168000000000002
393,1525628538.7335382,1525628538.7335382,-0.440308,0.984146,0.24353000000000002
394,1525628538.743037,1525628538.743037,-0.44889799999999996,1.0059360000000002,0.277863
395,1525628538.753508,1525628538.753508,-0.519623,1.1227260000000001,0.294067
396,1525628538.7631302,1525628538.7631302,-0.577332,1.247711,0.264008
397,1525628538.773408,1525628538.773408,-0.492172,1.194611,0.321213
398,1525628538.783282,1525628538.783282,-0.44239799999999996,1.105927,0.42916899999999997
399,1525628538.79312,1525628538.79312,-0.43792700000000007,1.125458,0.34729
400,1525628538.803132,1525628538.803132,-0.410843,1.2187649999999999,0.307327
401,1525628538.8130631,1525628538.8130631,-0.342438,1.2997889999999999,0.323883
402,1525628538.823124,1525628538.823124,-0.218292,1.301758,0.269363
403,1525628538.832875,1525628538.832875,-0.08644099999999999,1.243042,0.246475
404,1525628538.8428268,1525628538.8428268,0.0121,1.164917,0.264633
405,1525628538.852561,1525628538.852561,0.071777,1.100403,0.24008200000000002
406,1525628538.862926,1525628538.862926,0.093048,1.097397,0.182068
407,1525628538.872838,1525628538.872838,0.07986499999999999,1.143967,0.145111
408,1525628538.882751,1525628538.882751,0.036041000000000004,1.1345370000000001,0.17244
409,1525628538.892617,1525628538.892617,-0.040924,1.002991,0.21350100000000002
410,1525628538.903013,1525628538.903013,-0.169022,0.7721560000000001,0.23393200000000003
411,1525628538.912442,1525628538.912442,-0.356613,0.57962,0.25340300000000004
412,1525628538.9226642,1525628538.9226642,-0.62059,0.522293,0.341507
413,1525628538.932574,1525628538.932574,-0.946548,0.573624,0.560715
414,1525628538.9426231,1525628538.9426231,-1.2567139999999999,0.643784,0.7768550000000001
415,1525628538.952592,1525628538.952592,-1.441376,0.607788,0.694824
416,1525628538.962451,1525628538.962451,-1.4114229999999999,0.484329,0.371475
417,1525628538.972608,1525628538.972608,-1.141174,0.375397,0.051803999999999996
418,1525628538.982554,1525628538.982554,-0.755142,0.323135,-0.10450699999999999
419,1525628538.9924731,1525628538.9924731,-0.394867,0.319931,-0.10261500000000001
420,1525628539.003752,1525628539.003752,-0.087753,0.369629,-0.012436
421,1525628539.012361,1525628539.012361,0.143188,0.455338,0.07470700000000001
422,1525628539.0224528,1525628539.0224528,0.232071,0.519928,0.130859
423,1525628539.0324,1525628539.0324,0.172729,0.509781,0.163071
424,1525628539.042543,1525628539.042543,0.001465,0.43959,0.19250499999999998
425,1525628539.05238,1525628539.05238,-0.21769699999999997,0.378433,0.244461
426,1525628539.062361,1525628539.062361,-0.44572399999999995,0.34526100000000004,0.314255
427,1525628539.072402,1525628539.072402,-0.653809,0.33711199999999997,0.393097
428,1525628539.082398,1525628539.082398,-0.819672,0.363388,0.46972700000000006
429,1525628539.092336,1525628539.092336,-0.9232790000000001,0.38063,0.550797
430,1525628539.10237,1525628539.10237,-0.9474950000000001,0.360001,0.6230319999999999
431,1525628539.1122859,1525628539.1122859,-0.9095610000000001,0.329025,0.659561
432,1525628539.122122,1525628539.122122,-0.8396450000000001,0.31756599999999996,0.652985
433,1525628539.13224,1525628539.13224,-0.765213,0.35318,0.645981
434,1525628539.1433759,1525628539.1433759,-0.692764,0.404449,0.674713
435,1525628539.152159,1525628539.152159,-0.63884,0.470001,0.7167359999999999
436,1525628539.162249,1525628539.162249,-0.623322,0.545532,0.750748
437,1525628539.1721961,1525628539.1721961,-0.6280060000000001,0.588333,0.754822
438,1525628539.1824,1525628539.1824,-0.638504,0.611862,0.707901
439,1525628539.191996,1525628539.191996,-0.651413,0.633026,0.631897
440,1525628539.202036,1525628539.202036,-0.663589,0.665558,0.573914
441,1525628539.2119539,1525628539.2119539,-0.672791,0.713486,0.553375
442,1525628539.2219949,1525628539.2219949,-0.677322,0.758636,0.558792
443,1525628539.23191,1525628539.23191,-0.682068,0.78685,0.562454
444,1525628539.2419438,1525628539.2419438,-0.682419,0.8024600000000001,0.55304
445,1525628539.251872,1525628539.251872,-0.665756,0.8107300000000001,0.53688
446,1525628539.262052,1525628539.262052,-0.633667,0.820465,0.514008
447,1525628539.276277,1525628539.276277,-0.593277,0.837875,0.489716
448,1525628539.282108,1525628539.282108,-0.550186,0.8595889999999999,0.464767
449,1525628539.291973,1525628539.291973,-0.516968,0.8803860000000001,0.442688
450,1525628539.301856,1525628539.301856,-0.50293,0.883957,0.43698100000000006
451,1525628539.3118439,1525628539.3118439,-0.506195,0.8774719999999999,0.43342600000000003
452,1525628539.321815,1525628539.321815,-0.5247649999999999,0.88913,0.41114799999999996
453,1525628539.331732,1525628539.331732,-0.551392,0.909241,0.39418000000000003
454,1525628539.34177,1525628539.34177,-0.567871,0.8812709999999999,0.399704
455,1525628539.3516939,1525628539.3516939,-0.56929,0.8308260000000001,0.405945
456,1525628539.36173,1525628539.36173,-0.562485,0.792862,0.405869
457,1525628539.3718119,1525628539.3718119,-0.545181,0.7765350000000001,0.398361
458,1525628539.381702,1525628539.381702,-0.522827,0.779327,0.385757
459,1525628539.392552,1525628539.392552,-0.503891,0.794952,0.375
460,1525628539.4016528,1525628539.4016528,-0.489304,0.8392940000000001,0.368927
461,1525628539.411966,1525628539.411966,-0.471817,0.8898010000000001,0.347443
462,1525628539.421609,1525628539.421609,-0.43855299999999997,0.9040530000000001,0.316925
463,1525628539.431629,1525628539.431629,-0.392776,0.8856809999999999,0.29567
464,1525628539.442055,1525628539.442055,-0.339737,0.865936,0.277328
465,1525628539.4514868,1525628539.4514868,-0.28918499999999997,0.8565219999999999,0.26013200000000003
466,1525628539.4620528,1525628539.4620528,-0.242096,0.8463129999999999,0.256058
467,1525628539.471608,1525628539.471608,-0.20695500000000003,0.846268,0.242233
468,1525628539.482127,1525628539.482127,-0.20626799999999998,0.8686520000000001,0.16856400000000002
469,1525628539.4913971,1525628539.4913971,-0.228348,0.8901979999999999,0.088165
470,1525628539.50181,1525628539.50181,-0.23496999999999998,0.925415,0.070511
471,1525628539.511523,1525628539.511523,-0.218979,0.9817959999999999,0.068314
472,1525628539.5215518,1525628539.5215518,-0.181549,1.0422360000000002,0.057846
473,1525628539.531317,1525628539.531317,-0.149551,1.1107479999999998,0.151596
474,1525628539.5414279,1525628539.5414279,-0.146805,1.2066350000000001,0.340118
475,1525628539.5520449,1525628539.5520449,-0.160202,1.322495,0.46843
476,1525628539.561321,1525628539.561321,-0.157639,1.3981780000000001,0.43156400000000006
477,1525628539.571274,1525628539.571274,-0.130386,1.344055,0.282867
478,1525628539.581326,1525628539.581326,-0.11682100000000001,1.143509,0.26452600000000004
479,1525628539.591207,1525628539.591207,-0.157394,0.916306,0.414383
480,1525628539.601308,1525628539.601308,-0.24238600000000002,0.784119,0.509598
481,1525628539.611286,1525628539.611286,-0.31996199999999997,0.754196,0.450165
482,1525628539.621191,1525628539.621191,-0.329468,0.801071,0.30099499999999996
483,1525628539.631295,1525628539.631295,-0.26222199999999996,0.902466,0.169113
484,1525628539.641145,1525628539.641145,-0.158127,1.011292,0.08403
485,1525628539.651069,1525628539.651069,-0.069855,1.0700530000000001,0.047104
486,1525628539.661102,1525628539.661102,-0.024002000000000002,1.054123,0.06282
487,1525628539.671136,1525628539.671136,-0.03186,0.99295,0.102493
488,1525628539.6811929,1525628539.6811929,-0.082367,0.9385530000000001,0.12254300000000001
489,1525628539.691113,1525628539.691113,-0.14447000000000002,0.9239200000000001,0.126221
490,1525628539.701067,1525628539.701067,-0.191727,0.9428559999999999,0.120743
491,1525628539.7109392,1525628539.7109392,-0.197937,0.9799040000000001,0.12371800000000001
492,1525628539.721033,1525628539.721033,-0.166183,1.016602,0.158386
493,1525628539.730778,1525628539.730778,-0.124832,1.0242,0.203049
494,1525628539.741124,1525628539.741124,-0.103973,1.001724,0.21119699999999997
495,1525628539.750859,1525628539.750859,-0.115906,0.972534,0.184128
496,1525628539.761195,1525628539.761195,-0.142548,0.9497680000000001,0.15898099999999998
497,1525628539.771508,1525628539.771508,-0.168823,0.9414370000000001,0.148727
498,1525628539.7811038,1525628539.7811038,-0.187164,0.946945,0.128159
499,1525628539.790888,1525628539.790888,-0.190659,0.955627,0.104065
500,1525628539.800859,1525628539.800859,-0.177704,0.97345,0.10775799999999999
501,1525628539.8109,1525628539.8109,-0.152649,1.0029139999999999,0.128754
502,1525628539.8211179,1525628539.8211179,-0.126923,1.009354,0.159851
503,1525628539.830853,1525628539.830853,-0.11181600000000001,0.985901,0.19613599999999998
504,1525628539.840941,1525628539.840941,-0.121124,0.965836,0.20726
505,1525628539.850679,1525628539.850679,-0.14913900000000002,0.9552309999999999,0.200562
506,1525628539.860899,1525628539.860899,-0.18318199999999998,0.9501799999999999,0.187805
507,1525628539.8707972,1525628539.8707972,-0.205078,0.9499049999999999,0.16677899999999998
508,1525628539.880855,1525628539.880855,-0.209244,0.955902,0.150558
509,1525628539.8904688,1525628539.8904688,-0.190277,0.9663700000000001,0.140488
510,1525628539.900682,1525628539.900682,-0.156219,0.974899,0.135376
511,1525628539.910667,1525628539.910667,-0.12455699999999999,0.9834139999999999,0.128616
512,1525628539.9207132,1525628539.9207132,-0.09906000000000001,1.0019069999999999,0.13305699999999998
513,1525628539.930652,1525628539.930652,-0.074921,1.0130620000000001,0.154144
514,1525628539.940732,1525628539.940732,-0.063934,1.001312,0.188751
515,1525628539.950473,1525628539.950473,-0.081924,0.972809,0.203018
516,1525628539.960693,1525628539.960693,-0.118896,0.952332,0.175797
517,1525628539.9705858,1525628539.9705858,-0.155396,0.949951,0.147583
518,1525628539.9806519,1525628539.9806519,-0.174835,0.956268,0.128769
519,1525628539.990526,1525628539.990526,-0.16955599999999998,0.9701540000000001,0.100891
520,1525628540.000571,1525628540.000571,-0.13861099999999998,0.990814,0.082245
521,1525628540.0104802,1525628540.0104802,-0.085449,1.028076,0.083878
522,1525628540.020433,1525628540.020433,-0.023315,1.0637969999999999,0.12365699999999999
523,1525628540.030441,1525628540.030441,0.012497,1.046158,0.223083
524,1525628540.04038,1525628540.04038,-0.010498,0.997025,0.27769499999999997
525,1525628540.0501368,1525628540.0501368,-0.087021,0.950775,0.246216
526,1525628540.060281,1525628540.060281,-0.181976,0.9258270000000001,0.20977800000000002
527,1525628540.070296,1525628540.070296,-0.26974499999999996,0.9315030000000001,0.199249
528,1525628540.081575,1525628540.081575,-0.331177,0.9473719999999999,0.17981
529,1525628540.0901449,1525628540.0901449,-0.349319,0.947876,0.127701
530,1525628540.100262,1525628540.100262,-0.313477,0.9328,0.097412
531,1525628540.110275,1525628540.110275,-0.242371,0.931198,0.120499
532,1525628540.1201038,1525628540.1201038,-0.167542,0.9556120000000001,0.17660499999999998
533,1525628540.130229,1525628540.130229,-0.114273,0.994324,0.221268
534,1525628540.14034,1525628540.14034,-0.09400900000000001,1.018616,0.19426
535,1525628540.15076,1525628540.15076,-0.10394300000000001,1.009766,0.13484200000000002
536,1525628540.160274,1525628540.160274,-0.132645,0.9954219999999999,0.077682
537,1525628540.170599,1525628540.170599,-0.16066,0.9822540000000001,0.045517
538,1525628540.180059,1525628540.180059,-0.182373,0.966675,0.062103
539,1525628540.190494,1525628540.190494,-0.198303,0.9519350000000001,0.089157
540,1525628540.200054,1525628540.200054,-0.20672600000000002,0.943665,0.09227
541,1525628540.210191,1525628540.210191,-0.199371,0.9475709999999999,0.089417
542,1525628540.220024,1525628540.220024,-0.176361,0.960342,0.10704000000000001
543,1525628540.2304802,1525628540.2304802,-0.144485,0.977509,0.12553399999999998
544,1525628540.24018,1525628540.24018,-0.106125,0.993317,0.138626
545,1525628540.249968,1525628540.249968,-0.07987999999999999,0.9962620000000001,0.159729
546,1525628540.2599552,1525628540.2599552,-0.076675,0.99649,0.14714100000000002
547,1525628540.270376,1525628540.270376,-0.086273,1.004105,0.095184
548,1525628540.2800288,1525628540.2800288,-0.099457,1.003632,0.068329
549,1525628540.2899551,1525628540.2899551,-0.100876,0.991074,0.062729
550,1525628540.299798,1525628540.299798,-0.086716,0.9884639999999999,0.045288
551,1525628540.30956,1525628540.30956,-0.059814,1.001724,0.046555
552,1525628540.319674,1525628540.319674,-0.030594,1.0152889999999999,0.085892
553,1525628540.329533,1525628540.329533,-0.014938,1.013168,0.1371
554,1525628540.3395529,1525628540.3395529,-0.027556999999999998,0.9975280000000001,0.143753
555,1525628540.349376,1525628540.349376,-0.073257,0.98819,0.097549
556,1525628540.359597,1525628540.359597,-0.127548,0.985992,0.050980000000000004
557,1525628540.3692381,1525628540.3692381,-0.163544,0.9848790000000001,0.024048
558,1525628540.379432,1525628540.379432,-0.174713,0.984482,0.023087
559,1525628540.3893552,1525628540.3893552,-0.173706,0.982864,0.040313999999999996
560,1525628540.399261,1525628540.399261,-0.158905,0.977982,0.047744999999999996
561,1525628540.409252,1525628540.409252,-0.132828,0.972992,0.06163
562,1525628540.4193132,1525628540.4193132,-0.105972,0.9785159999999999,0.080505
563,1525628540.429163,1525628540.429163,-0.0896,0.991394,0.073837
564,1525628540.439183,1525628540.439183,-0.084061,1.000381,0.055038
565,1525628540.449155,1525628540.449155,-0.090759,0.9976809999999999,0.056304999999999994
566,1525628540.459423,1525628540.459423,-0.111847,0.983215,0.072784
567,1525628540.46913,1525628540.46913,-0.145111,0.9699399999999999,0.07423400000000001
568,1525628540.479191,1525628540.479191,-0.18496700000000002,0.964432,0.067673
569,1525628540.488989,1525628540.488989,-0.216309,0.963669,0.056014999999999995
570,1525628540.499193,1525628540.499193,-0.226471,0.970184,0.044144
571,1525628540.509126,1525628540.509126,-0.205688,0.9819950000000001,0.065338
572,1525628540.5192811,1525628540.5192811,-0.17131,0.992218,0.09697
573,1525628540.5292802,1525628540.5292802,-0.153122,0.97551,0.118881
574,1525628540.539495,1525628540.539495,-0.14382899999999998,0.971924,0.097397
575,1525628540.549283,1525628540.549283,-0.103729,0.9842069999999999,0.061859000000000004
576,1525628540.559502,1525628540.559502,-0.059036,0.991455,0.063461
577,1525628540.569382,1525628540.569382,-0.039139,1.018707,0.04451
578,1525628540.579283,1525628540.579283,-0.050461,1.016846,0.031020999999999996
579,1525628540.589177,1525628540.589177,-0.090759,0.9917450000000001,0.038269
580,1525628540.59928,1525628540.59928,-0.127151,0.9892270000000001,0.041885000000000006
581,1525628540.609153,1525628540.609153,-0.129486,1.010025,0.037308
582,1525628540.6193519,1525628540.6193519,-0.100464,1.022629,0.033173
583,1525628540.629167,1525628540.629167,-0.058441,1.014313,0.039458999999999994
584,1525628540.63919,1525628540.63919,-0.037964,0.996872,0.043472000000000004
585,1525628540.649105,1525628540.649105,-0.05719,0.983353,0.031677
586,1525628540.6591132,1525628540.6591132,-0.09814500000000001,0.983231,0.013
587,1525628540.669317,1525628540.669317,-0.13383499999999998,0.9879610000000001,0.01239
588,1525628540.679207,1525628540.679207,-0.15318299999999999,0.9925229999999999,0.036697
589,1525628540.689146,1525628540.689146,-0.160599,0.9937739999999999,0.062622
590,1525628540.6991599,1525628540.6991599,-0.16104100000000002,0.9864809999999999,0.06929
591,1525628540.708943,1525628540.708943,-0.15830999999999998,0.977554,0.062332000000000005
592,1525628540.719086,1525628540.719086,-0.152313,0.9767610000000001,0.062927
593,1525628540.728917,1525628540.728917,-0.147583,0.9839319999999999,0.063034
594,1525628540.7390401,1525628540.7390401,-0.144653,0.990768,0.042358
595,1525628540.748939,1525628540.748939,-0.141861,0.983002,0.026443
596,1525628540.758939,1525628540.758939,-0.13989300000000002,0.97644,0.022064
597,1525628540.769078,1525628540.769078,-0.132996,0.984039,0.023375999999999997
598,1525628540.778909,1525628540.778909,-0.116959,0.99472,0.039581
599,1525628540.788917,1525628540.788917,-0.099945,1.00415,0.064606
600,1525628540.798916,1525628540.798916,-0.096527,1.000381,0.08313
601,1525628540.808776,1525628540.808776,-0.114304,0.9860690000000001,0.08320599999999999
602,1525628540.818724,1525628540.818724,-0.14389000000000002,0.977417,0.06867999999999999
603,1525628540.828718,1525628540.828718,-0.168106,0.980667,0.056061
604,1525628540.839291,1525628540.839291,-0.18321199999999999,0.988403,0.053863999999999995
605,1525628540.848706,1525628540.848706,-0.18904100000000001,0.9889530000000001,0.051788
606,1525628540.858991,1525628540.858991,-0.180588,0.981857,0.044373
607,1525628540.868834,1525628540.868834,-0.165573,0.9752959999999999,0.045105
608,1525628540.8788788,1525628540.8788788,-0.150955,0.980667,0.047806
609,1525628540.888618,1525628540.888618,-0.143753,0.987015,0.061966
610,1525628540.899272,1525628540.899272,-0.14917,0.9897459999999999,0.070526
611,1525628540.908562,1525628540.908562,-0.160202,0.985626,0.06488
612,1525628540.919653,1525628540.919653,-0.170975,0.9752040000000001,0.064209
613,1525628540.928658,1525628540.928658,-0.175949,0.968842,0.060074
614,1525628540.938607,1525628540.938607,-0.177109,0.971283,0.056014999999999995
615,1525628540.948563,1525628540.948563,-0.172287,0.978928,0.05271900000000001
616,1525628540.958436,1525628540.958436,-0.159897,0.984009,0.049530000000000005
617,1525628540.968824,1525628540.968824,-0.14488199999999998,0.9870450000000001,0.047546
618,1525628540.9783618,1525628540.9783618,-0.132736,0.991348,0.043808
619,1525628540.988357,1525628540.988357,-0.127945,0.9924930000000001,0.045319
620,1525628540.9985821,1525628540.9985821,-0.13351400000000002,0.9927520000000001,0.049835000000000004
621,1525628541.008554,1525628541.008554,-0.149078,0.986984,0.048187
622,1525628541.018802,1525628541.018802,-0.168259,0.978561,0.03949
623,1525628541.028318,1525628541.028318,-0.18870499999999998,0.975189,0.044708
624,1525628541.038363,1525628541.038363,-0.20857199999999998,0.971985,0.063141
625,1525628541.0482788,1525628541.0482788,-0.21991,0.9684450000000001,0.068008
626,1525628541.058318,1525628541.058318,-0.220047,0.968842,0.058411000000000005
627,1525628541.068357,1525628541.068357,-0.20509299999999997,0.97377,0.056213
628,1525628541.078289,1525628541.078289,-0.180222,0.9769899999999999,0.06337000000000001
629,1525628541.115203,1525628541.115203,-0.15525799999999998,0.971542,0.09137
630,1525628541.115941,1525628541.115941,-0.139847,0.975403,0.070358
631,1525628541.1160731,1525628541.1160731,-0.129105,0.984634,0.030441000000000003
632,1525628541.121989,1525628541.121989,-0.130829,1.000351,0.031097000000000003
633,1525628541.128192,1525628541.128192,-0.150833,1.006729,0.04335
634,1525628541.138075,1525628541.138075,-0.179199,0.991302,0.047211
635,1525628541.148078,1525628541.148078,-0.19693,0.9719540000000001,0.045578
636,1525628541.1581821,1525628541.1581821,-0.20015,0.9675600000000001,0.053055
637,1525628541.1683052,1525628541.1683052,-0.196487,0.975555,0.057404
638,1525628541.178119,1525628541.178119,-0.19250499999999998,0.979736,0.054474
639,1525628541.187979,1525628541.187979,-0.193451,0.9822850000000001,0.059860000000000003
640,1525628541.201731,1525628541.201731,-0.193573,0.9851840000000001,0.06703200000000001
641,1525628541.207956,1525628541.207956,-0.190796,0.988174,0.060851999999999996
642,1525628541.2180212,1525628541.2180212,-0.180725,0.988632,0.043823
643,1525628541.227901,1525628541.227901,-0.162872,0.985992,0.031921
644,1525628541.239365,1525628541.239365,-0.145798,0.989807,0.033417
645,1525628541.247966,1525628541.247966,-0.139664,0.9981540000000001,0.043198
646,1525628541.2579381,1525628541.2579381,-0.138184,0.998276,0.046370999999999996
647,1525628541.267992,1525628541.267992,-0.135864,0.986633,0.034149
648,1525628541.278437,1525628541.278437,-0.13661199999999998,0.9770969999999999,0.030106
649,1525628541.287822,1525628541.287822,-0.1427,0.976089,0.028473000000000002
650,1525628541.297734,1525628541.297734,-0.14772000000000002,0.979477,0.028671
651,1525628541.307748,1525628541.307748,-0.155914,0.98645,0.042786000000000005
652,1525628541.317846,1525628541.317846,-0.169128,0.990784,0.04129
653,1525628541.329664,1525628541.329664,-0.186584,0.988892,0.026794
654,1525628541.337722,1525628541.337722,-0.19355799999999998,0.9748540000000001,0.027587999999999998
655,1525628541.34746,1525628541.34746,-0.180725,0.9672700000000001,0.03244
656,1525628541.35781,1525628541.35781,-0.149033,0.9738459999999999,0.028748000000000003
657,1525628541.368454,1525628541.368454,-0.11682100000000001,0.981857,0.026062000000000002
658,1525628541.3777962,1525628541.3777962,-0.10643,0.991302,0.024322999999999997
659,1525628541.387575,1525628541.387575,-0.115952,0.995712,0.024825999999999997
660,1525628541.3976688,1525628541.3976688,-0.14189100000000002,0.9906309999999999,0.032791
661,1525628541.4075449,1525628541.4075449,-0.172501,0.9817809999999999,0.047379000000000004
662,1525628541.420176,1525628541.420176,-0.197205,0.975769,0.055344000000000004
663,1525628541.427514,1525628541.427514,-0.21026599999999998,0.977875,0.055938999999999996
664,1525628541.437607,1525628541.437607,-0.2099,0.980347,0.052124000000000004
665,1525628541.447514,1525628541.447514,-0.199509,0.979828,0.042908
666,1525628541.458458,1525628541.458458,-0.184402,0.9790040000000001,0.032349
667,1525628541.467755,1525628541.467755,-0.165405,0.983246,0.029876999999999997
668,1525628541.477524,1525628541.477524,-0.149887,0.990799,0.023605
669,1525628541.487474,1525628541.487474,-0.14408900000000002,0.992065,0.011276000000000001
670,1525628541.497551,1525628541.497551,-0.14619400000000002,0.988907,0.014648
671,1525628541.510011,1525628541.510011,-0.15065,0.986008,0.027893
672,1525628541.517441,1525628541.517441,-0.152679,0.983139,0.029129000000000002
673,1525628541.527319,1525628541.527319,-0.148285,0.9828950000000001,0.022888
674,1525628541.537421,1525628541.537421,-0.146957,0.986877,0.033386
675,1525628541.54892,1525628541.54892,-0.156403,0.993027,0.042908
676,1525628541.557514,1525628541.557514,-0.16328399999999998,0.992661,0.039169
677,1525628541.567667,1525628541.567667,-0.160324,0.982941,0.036469
678,1525628541.577354,1525628541.577354,-0.151581,0.980392,0.026733
679,1525628541.588027,1525628541.588027,-0.15004,0.9878540000000001,0.028992
680,1525628541.597323,1525628541.597323,-0.15751600000000002,0.991928,0.038116000000000004
681,1525628541.607214,1525628541.607214,-0.15924100000000002,0.986893,0.038849
682,1525628541.617309,1525628541.617309,-0.154678,0.979736,0.045531999999999996
683,1525628541.627277,1525628541.627277,-0.154373,0.973282,0.048507999999999996
684,1525628541.63825,1525628541.63825,-0.159485,0.9749909999999999,0.044128
685,1525628541.64705,1525628541.64705,-0.164551,0.984146,0.046799
686,1525628541.657138,1525628541.657138,-0.163574,0.987793,0.040909
687,1525628541.667142,1525628541.667142,-0.160522,0.982239,0.034927
688,1525628541.677371,1525628541.677371,-0.157913,0.977081,0.035278
689,1525628541.6873472,1525628541.6873472,-0.166428,0.978073,0.042923
690,1525628541.697068,1525628541.697068,-0.179855,0.981827,0.042191
691,1525628541.706936,1525628541.706936,-0.18219000000000002,0.9852290000000001,0.03833
692,1525628541.7170448,1525628541.7170448,-0.174118,0.984924,0.034836
693,1525628541.728428,1525628541.728428,-0.16571,0.9850770000000001,0.03038
694,1525628541.736934,1525628541.736934,-0.156998,0.984726,0.031387
695,1525628541.746729,1525628541.746729,-0.147507,0.982819,0.029220999999999997
696,1525628541.756974,1525628541.756974,-0.145798,0.983383,0.028533999999999997
697,1525628541.7674289,1525628541.7674289,-0.147278,0.9864040000000001,0.031891
698,1525628541.777684,1525628541.777684,-0.150803,0.9886469999999999,0.038834
699,1525628541.786742,1525628541.786742,-0.159576,0.9871219999999999,0.041489
700,1525628541.796891,1525628541.796891,-0.167175,0.987183,0.034775
701,1525628541.8065462,1525628541.8065462,-0.171127,0.983398,0.026688
702,1525628541.819088,1525628541.819088,-0.17698699999999998,0.9763639999999999,0.025238
703,1525628541.826668,1525628541.826668,-0.181885,0.977783,0.025925
704,1525628541.836712,1525628541.836712,-0.186127,0.9831540000000001,0.03186
705,1525628541.846646,1525628541.846646,-0.18318199999999998,0.9793700000000001,0.036804
706,1525628541.857568,1525628541.857568,-0.173691,0.9750209999999999,0.037048000000000005
707,1525628541.8668,1525628541.8668,-0.16661099999999998,0.977859,0.036072
708,1525628541.876679,1525628541.876679,-0.16835,0.9833219999999999,0.039734
709,1525628541.88721,1525628541.88721,-0.172394,0.9852139999999999,0.044174
710,1525628541.899425,1525628541.899425,-0.16989100000000001,0.982727,0.041367
711,1525628541.910703,1525628541.910703,-0.16503900000000002,0.981033,0.045258
712,1525628541.916575,1525628541.916575,-0.163986,0.983917,0.048706
713,1525628541.9264631,1525628541.9264631,-0.161407,0.98526,0.039871
714,1525628541.937002,1525628541.937002,-0.156723,0.982224,0.027924
715,1525628541.9502552,1525628541.9502552,-0.155792,0.9840549999999999,0.030913999999999997
716,1525628541.956501,1525628541.956501,-0.157959,0.986145,0.030579000000000002
717,1525628541.966571,1525628541.966571,-0.160553,0.984512,0.024658000000000003
718,1525628541.976485,1525628541.976485,-0.164001,0.9842219999999999,0.024063
719,1525628541.989243,1525628541.989243,-0.167679,0.9848629999999999,0.021866
720,1525628542.001624,1525628542.001624,-0.16748,0.984131,0.016891
721,1525628542.0063019,1525628542.0063019,-0.165588,0.9828030000000001,0.012619
722,1525628542.016582,1525628542.016582,-0.162384,0.9853059999999999,0.011734
723,1525628542.026211,1525628542.026211,-0.15776099999999998,0.987671,0.014374000000000001
724,1525628542.041731,1525628542.041731,-0.156555,0.98967,0.018799
725,1525628542.046224,1525628542.046224,-0.159622,0.9907530000000001,0.0224
726,1525628542.056314,1525628542.056314,-0.16246,0.9876860000000001,0.023528999999999998
727,1525628542.0661962,1525628542.0661962,-0.16528299999999999,0.9864350000000001,0.017715
728,1525628542.078462,1525628542.078462,-0.16403199999999998,0.9860690000000001,0.009018
729,1525628542.087932,1525628542.087932,-0.16127,0.9815370000000001,-0.004135
730,1525628542.096304,1525628542.096304,-0.16229200000000002,0.971115,-0.018097
731,1525628542.106092,1525628542.106092,-0.166687,0.9699709999999999,-0.019348
732,1525628542.1163769,1525628542.1163769,-0.168457,0.9853360000000001,-0.003464
733,1525628542.126271,1525628542.126271,-0.170471,0.996323,0.014832
734,1525628542.13674,1525628542.13674,-0.180756,0.98967,0.021408
735,1525628542.146009,1525628542.146009,-0.19635,0.9764860000000001,0.021286000000000003
736,1525628542.1560938,1525628542.1560938,-0.200775,0.975571,0.047607
737,1525628542.166341,1525628542.166341,-0.184479,0.989182,0.119736
738,1525628542.184246,1525628542.184246,-0.15745499999999998,1.021133,0.185547
739,1525628542.186858,1525628542.186858,-0.146576,1.01033,0.065948
740,1525628542.196026,1525628542.196026,-0.139282,0.962326,-0.015747
741,1525628542.205879,1525628542.205879,-0.159195,0.960327,0.014938
742,1525628542.2159462,1525628542.2159462,-0.187851,0.971405,0.028319999999999998
743,1525628542.225714,1525628542.225714,-0.19754000000000002,0.9739530000000001,0.033005
744,1525628542.235922,1525628542.235922,-0.19175699999999998,0.9783629999999999,0.042969
745,1525628542.2457929,1525628542.2457929,-0.173492,0.9846799999999999,0.042709
746,1525628542.256567,1525628542.256567,-0.147858,0.987137,0.041901
747,1525628542.2660232,1525628542.2660232,-0.128418,0.990173,0.038391
748,1525628542.276438,1525628542.276438,-0.135025,0.983002,0.040085
749,1525628542.28575,1525628542.28575,-0.160294,0.980759,0.036804
750,1525628542.296186,1525628542.296186,-0.17886400000000002,0.985107,0.02301
751,1525628542.305667,1525628542.305667,-0.186142,0.985657,0.023193000000000002
752,1525628542.316259,1525628542.316259,-0.18296800000000002,0.98439,0.030075
753,1525628542.325641,1525628542.325641,-0.174469,0.9825440000000001,0.031097000000000003
754,1525628542.336704,1525628542.336704,-0.158249,0.9736020000000001,0.036285000000000005
755,1525628542.34589,1525628542.34589,-0.137497,0.9697110000000001,0.037079
756,1525628542.355813,1525628542.355813,-0.134384,0.9984129999999999,0.037674
757,1525628542.365702,1525628542.365702,-0.147171,1.011902,0.048615
758,1525628542.3756301,1525628542.3756301,-0.170425,0.9962620000000001,0.052597000000000005
759,1525628542.385382,1525628542.385382,-0.18870499999999998,0.9779209999999999,0.048507999999999996
760,1525628542.3957539,1525628542.3957539,-0.19754000000000002,0.96904,0.047012
761,1525628542.405466,1525628542.405466,-0.199326,0.971252,0.048233
762,1525628542.415629,1525628542.415629,-0.19554100000000002,0.977936,0.046097000000000006
763,1525628542.425426,1525628542.425426,-0.18721,0.982727,0.044006
764,1525628542.4355109,1525628542.4355109,-0.173828,0.9805450000000001,0.042464999999999996
765,1525628542.445383,1525628542.445383,-0.15712,0.979462,0.040878
766,1525628542.455468,1525628542.455468,-0.144012,0.9871059999999999,0.046906
767,1525628542.465501,1525628542.465501,-0.13888499999999998,0.995392,0.05571
768,1525628542.4756858,1525628542.4756858,-0.143051,0.9941409999999999,0.051773
769,1525628542.48533,1525628542.48533,-0.15448,0.98674,0.038834
770,1525628542.495407,1525628542.495407,-0.16925,0.9795379999999999,0.039124
771,1525628542.505286,1525628542.505286,-0.178879,0.976593,0.040695
772,1525628542.51537,1525628542.51537,-0.180298,0.9781799999999999,0.033722
773,1525628542.525245,1525628542.525245,-0.17218,0.9816739999999999,0.028914999999999996
774,1525628542.535331,1525628542.535331,-0.15956099999999998,0.985245,0.03038
775,1525628542.5452788,1525628542.5452788,-0.147903,0.988556,0.031769
776,1525628542.555298,1525628542.555298,-0.14094500000000001,0.98819,0.037094
777,1525628542.5653448,1525628542.5653448,-0.138016,0.987137,0.045212
778,1525628542.575339,1525628542.575339,-0.140015,0.988129,0.053558
779,1525628542.5851212,1525628542.5851212,-0.15046700000000002,0.987656,0.057724
780,1525628542.5952039,1525628542.5952039,-0.1642,0.986252,0.053360000000000005
781,1525628542.6050801,1525628542.6050801,-0.176254,0.9829559999999999,0.046661
782,1525628542.615196,1525628542.615196,-0.183731,0.9788969999999999,0.040024000000000004
783,1525628542.6250381,1525628542.6250381,-0.18318199999999998,0.97908,0.037354000000000005
784,1525628542.635124,1525628542.635124,-0.175858,0.9799959999999999,0.037354000000000005
785,1525628542.645101,1525628542.645101,-0.166229,0.986191,0.040665
786,1525628542.65508,1525628542.65508,-0.15431199999999998,0.990082,0.04425
787,1525628542.665187,1525628542.665187,-0.145309,0.9829100000000001,0.051253999999999994
788,1525628542.6749132,1525628542.6749132,-0.148453,0.9812770000000001,0.049118
789,1525628542.684917,1525628542.684917,-0.15904200000000002,0.98674,0.050598000000000004
790,1525628542.695001,1525628542.695001,-0.168594,0.987015,0.054352
791,1525628542.7047892,1525628542.7047892,-0.174652,0.982193,0.050766000000000006
792,1525628542.7150118,1525628542.7150118,-0.172318,0.9787450000000001,0.039932
793,1525628542.7248259,1525628542.7248259,-0.16508499999999998,0.980133,0.036545
794,1525628542.734913,1525628542.734913,-0.15631099999999998,0.9833219999999999,0.039581
795,1525628542.744785,1525628542.744785,-0.14502,0.9870909999999999,0.038100999999999996
796,1525628542.754873,1525628542.754873,-0.139557,0.989182,0.036392
797,1525628542.764959,1525628542.764959,-0.142731,0.9879459999999999,0.038467
798,1525628542.774829,1525628542.774829,-0.149063,0.987534,0.044739
799,1525628542.784707,1525628542.784707,-0.160599,0.988358,0.04715
800,1525628542.794821,1525628542.794821,-0.167023,0.9873959999999999,0.047211
801,1525628542.804661,1525628542.804661,-0.169067,0.983826,0.050735
802,1525628542.814808,1525628542.814808,-0.169846,0.9807889999999999,0.050156
803,1525628542.8246212,1525628542.8246212,-0.171494,0.980743,0.039673
804,1525628542.8345802,1525628542.8345802,-0.16802999999999998,0.980667,0.031967
805,1525628542.8445768,1525628542.8445768,-0.163391,0.982224,0.03714
806,1525628542.854664,1525628542.854664,-0.161484,0.985275,0.045761
807,1525628542.86482,1525628542.86482,-0.162262,0.9857940000000001,0.044388
808,1525628542.874618,1525628542.874618,-0.166397,0.984558,0.040649
809,1525628542.88463,1525628542.88463,-0.16680899999999999,0.9840549999999999,0.041412
810,1525628542.894575,1525628542.894575,-0.166,0.986145,0.046356
811,1525628542.904453,1525628542.904453,-0.174545,0.969482,0.125168
812,1525628542.9483368,1525628542.9483368,-0.166916,0.973648,0.072128
813,1525628542.950941,1525628542.950941,-0.145782,0.989044,-0.051086
814,1525628542.951215,1525628542.951215,-0.12481700000000001,0.9757389999999999,0.015839
815,1525628542.9513369,1525628542.9513369,-0.12587,1.002335,0.010422
816,1525628542.954416,1525628542.954416,-0.144318,1.0041200000000001,0.018646
817,1525628542.964556,1525628542.964556,-0.147766,1.013092,0.051177999999999994
818,1525628542.978245,1525628542.978245,-0.152313,1.001175,0.067459
819,1525628542.984447,1525628542.984447,-0.178696,0.954681,0.047623
820,1525628542.99431,1525628542.99431,-0.18595899999999999,0.949677,0.038863999999999996
821,1525628543.004585,1525628543.004585,-0.185211,0.9769129999999999,0.0578
822,1525628543.014365,1525628543.014365,-0.185791,0.9964139999999999,0.067856
823,1525628543.024412,1525628543.024412,-0.180679,0.990936,0.04567
824,1525628543.034426,1525628543.034426,-0.171906,0.9772489999999999,0.024658000000000003
825,1525628543.0441651,1525628543.0441651,-0.16181900000000002,0.972992,0.030396
826,1525628543.0543098,1525628543.0543098,-0.151352,0.982452,0.038254
827,1525628543.064338,1525628543.064338,-0.142242,0.996445,0.041229
828,1525628543.074274,1525628543.074274,-0.13652,0.998016,0.047684
829,1525628543.0840461,1525628543.0840461,-0.140732,0.9899899999999999,0.049164
830,1525628543.094221,1525628543.094221,-0.155655,0.982513,0.045837
831,1525628543.1041288,1525628543.1041288,-0.174789,0.9801790000000001,0.044968
832,1525628543.114178,1525628543.114178,-0.187042,0.979248,0.043884
833,1525628543.124056,1525628543.124056,-0.188324,0.98024,0.04129
834,1525628543.134146,1525628543.134146,-0.177032,0.978485,0.038834
835,1525628543.144015,1525628543.144015,-0.16108699999999998,0.9785459999999999,0.032822000000000004
836,1525628543.1539788,1525628543.1539788,-0.147812,0.9853209999999999,0.029099
837,1525628543.1640902,1525628543.1640902,-0.141174,0.9902340000000001,0.036224
838,1525628543.174067,1525628543.174067,-0.145065,0.9905700000000001,0.043151999999999996
839,1525628543.183973,1525628543.183973,-0.154343,0.9874879999999999,0.045013
840,1525628543.194024,1525628543.194024,-0.163544,0.9822850000000001,0.046112
841,1525628543.203778,1525628543.203778,-0.170105,0.9776,0.047043
842,1525628543.2139812,1525628543.2139812,-0.173584,0.9781489999999999,0.044769
843,1525628543.223851,1525628543.223851,-0.171097,0.979721,0.038055
844,1525628543.2339349,1525628543.2339349,-0.1651,0.981384,0.035614
845,1525628543.243804,1525628543.243804,-0.15818800000000002,0.981232,0.040375
846,1525628543.253725,1525628543.253725,-0.151978,0.985092,0.040146
847,1525628543.263943,1525628543.263943,-0.147705,0.987534,0.037491000000000003
848,1525628543.273737,1525628543.273737,-0.150696,0.989517,0.036087
849,1525628543.28373,1525628543.28373,-0.157394,0.9897,0.036804
850,1525628543.293807,1525628543.293807,-0.162247,0.9851989999999999,0.041656
851,1525628543.303695,1525628543.303695,-0.166397,0.983093,0.047073000000000004
852,1525628543.313643,1525628543.313643,-0.167252,0.982819,0.042877
853,1525628543.32364,1525628543.32364,-0.163254,0.9830629999999999,0.04187
854,1525628543.33373,1525628543.33373,-0.159729,0.984116,0.039886000000000005
855,1525628543.3435721,1525628543.3435721,-0.157211,0.986084,0.034957999999999996
856,1525628543.353585,1525628543.353585,-0.154907,0.986282,0.035538
857,1525628543.363693,1525628543.363693,-0.156357,0.983505,0.036331
858,1525628543.373639,1525628543.373639,-0.161072,0.980835,0.034561
859,1525628543.383516,1525628543.383516,-0.163803,0.9835510000000001,0.036163
860,1525628543.393789,1525628543.393789,-0.159164,0.984131,0.067535
861,1525628543.413985,1525628543.413985,-0.13269,0.972534,0.110748
862,1525628543.414124,1525628543.414124,-0.13298,0.985809,0.039307
863,1525628543.423375,1525628543.423375,-0.163712,0.983093,0.041245
864,1525628543.433531,1525628543.433531,-0.195831,0.9932559999999999,0.033569
865,1525628543.443394,1525628543.443394,-0.201996,0.9906459999999999,0.023163
866,1525628543.453488,1525628543.453488,-0.182419,0.981323,0.009552
867,1525628543.4634962,1525628543.4634962,-0.158173,0.9780120000000001,0.0010220000000000001
868,1525628543.473316,1525628543.473316,-0.139847,0.984711,-0.0007480000000000001
869,1525628543.483453,1525628543.483453,-0.1371,0.9886469999999999,-0.003235
870,1525628543.493426,1525628543.493426,-0.153641,0.980621,-0.008209000000000001
871,1525628543.503407,1525628543.503407,-0.16423,0.9715729999999999,-0.012329000000000001
872,1525628543.5133631,1525628543.5133631,-0.167099,0.977188,-0.007476999999999999
873,1525628543.5232348,1525628543.5232348,-0.165527,0.9938049999999999,0.011978
874,1525628543.533416,1525628543.533416,-0.152924,1.0064389999999999,0.036209
875,1525628543.543217,1525628543.543217,-0.13304100000000002,1.043015,0.052658
876,1525628543.5534642,1525628543.5534642,-0.11292999999999999,1.04834,0.096375
877,1525628543.5633311,1525628543.5633311,-0.148636,0.937592,0.095734
878,1525628543.5732698,1525628543.5732698,-0.176208,0.913208,0.042633
879,1525628543.5831661,1525628543.5831661,-0.184372,0.957108,0.035033999999999996
880,1525628543.5931618,1525628543.5931618,-0.183792,1.0114290000000001,0.049957
881,1525628543.6031349,1525628543.6031349,-0.175873,1.015533,0.04689
882,1525628543.6131802,1525628543.6131802,-0.159882,0.9842989999999999,0.037949000000000004
883,1525628543.623042,1525628543.623042,-0.145447,0.961227,0.026337
884,1525628543.633229,1525628543.633229,-0.13508599999999998,0.9683069999999999,0.026474
885,1525628543.643,1525628543.643,-0.134354,0.991318,0.033615
886,1525628543.653091,1525628543.653091,-0.14161700000000002,1.0012510000000001,0.036697
887,1525628543.6631029,1525628543.6631029,-0.152695,0.989609,0.043289
888,1525628543.673058,1525628543.673058,-0.162537,0.975693,0.046722
889,1525628543.682836,1525628543.682836,-0.16867100000000002,0.975159,0.040283
890,1525628543.693008,1525628543.693008,-0.17088299999999998,0.984238,0.041763
891,1525628543.702957,1525628543.702957,-0.166519,0.9902040000000001,0.04895
892,1525628543.7130961,1525628543.7130961,-0.156082,0.988052,0.04718
893,1525628543.722807,1525628543.722807,-0.14620999999999998,0.983215,0.040268
894,1525628543.733089,1525628543.733089,-0.14260899999999999,0.9841610000000001,0.038818
895,1525628543.742799,1525628543.742799,-0.147095,0.98851,0.040237
896,1525628543.753097,1525628543.753097,-0.1577,0.9902799999999999,0.041382
897,1525628543.762757,1525628543.762757,-0.167419,0.984833,0.041625999999999996
898,1525628543.772934,1525628543.772934,-0.169952,0.978958,0.041901
899,1525628543.782779,1525628543.782779,-0.166473,0.9785309999999999,0.04509
900,1525628543.792867,1525628543.792867,-0.16153,0.9825440000000001,0.045563
901,1525628543.802568,1525628543.802568,-0.156006,0.9829100000000001,0.043075999999999996
902,1525628543.812729,1525628543.812729,-0.155533,0.9816440000000001,0.043137
903,1525628543.822632,1525628543.822632,-0.155914,0.985519,0.04335
904,1525628543.832784,1525628543.832784,-0.15564,0.9926299999999999,0.045044
905,1525628543.842586,1525628543.842586,-0.154724,0.9932559999999999,0.043884
906,1525628543.853,1525628543.853,-0.154327,0.984192,0.042831
907,1525628543.8626778,1525628543.8626778,-0.154877,0.981583,0.042801
908,1525628543.8726368,1525628543.8726368,-0.15792799999999999,0.9838709999999999,0.047211
909,1525628543.882508,1525628543.882508,-0.160202,0.982941,0.046539
910,1525628543.8924608,1525628543.8924608,-0.160873,0.978317,0.041168
911,1525628543.902488,1525628543.902488,-0.15744,0.978577,0.043776999999999996
912,1525628543.912417,1525628543.912417,-0.151276,0.981476,0.044632
913,1525628543.922297,1525628543.922297,-0.14752200000000001,0.98645,0.0401
914,1525628543.93251,1525628543.93251,-0.146362,0.986115,0.041351
915,1525628543.942393,1525628543.942393,-0.149399,0.9835510000000001,0.048187
916,1525628543.952551,1525628543.952551,-0.151642,0.986923,0.055327999999999995
917,1525628543.962471,1525628543.962471,-0.155334,0.990051,0.056076
918,1525628543.972426,1525628543.972426,-0.160736,0.994049,0.044235000000000003
919,1525628543.9823,1525628543.9823,-0.163528,0.9925229999999999,0.039734
920,1525628543.992384,1525628543.992384,-0.163589,0.981384,0.039337000000000004
921,1525628544.002263,1525628544.002263,-0.159073,0.975922,0.037079
922,1525628544.01234,1525628544.01234,-0.146698,0.981873,0.037567
923,1525628544.022261,1525628544.022261,-0.138519,0.9912719999999999,0.039550999999999996
924,1525628544.0323029,1525628544.0323029,-0.137024,0.994308,0.042816
925,1525628544.042174,1525628544.042174,-0.14366099999999998,0.988297,0.046936
926,1525628544.052272,1525628544.052272,-0.140503,0.97731,0.049149
927,1525628544.0622618,1525628544.0622618,-0.142395,0.977356,0.054778999999999994
928,1525628544.0722,1525628544.0722,-0.160126,0.9910129999999999,0.050949
929,1525628544.0819721,1525628544.0819721,-0.152588,0.989166,0.046294999999999996
930,1525628544.0923052,1525628544.0923052,-0.14743,0.982605,0.038986
931,1525628544.102047,1525628544.102047,-0.14874300000000001,0.983017,0.041367
932,1525628544.112195,1525628544.112195,-0.150269,0.98555,0.041931
933,1525628544.1220028,1525628544.1220028,-0.153336,0.9886020000000001,0.040451
934,1525628544.132296,1525628544.132296,-0.16403199999999998,0.987823,0.046692000000000004
935,1525628544.1421,1525628544.1421,-0.178818,0.983917,0.046021
936,1525628544.152327,1525628544.152327,-0.187927,0.97377,0.052063
937,1525628544.162078,1525628544.162078,-0.176361,0.975342,0.054229999999999993
938,1525628544.172004,1525628544.172004,-0.151978,0.984253,0.049362
939,1525628544.1819859,1525628544.1819859,-0.137772,0.993317,0.039993
940,1525628544.192286,1525628544.192286,-0.132019,0.9954219999999999,0.055251999999999996
941,1525628544.201843,1525628544.201843,-0.14036600000000002,0.9814450000000001,0.040175999999999996
942,1525628544.2359471,1525628544.2359471,-0.16429100000000002,0.9864200000000001,0.013350999999999998
943,1525628544.236674,1525628544.236674,-0.182022,0.990662,0.034652999999999996
944,1525628544.237255,1525628544.237255,-0.16633599999999998,0.9927219999999999,0.039154
945,1525628544.242162,1525628544.242162,-0.132736,0.997086,0.036469
946,1525628544.251897,1525628544.251897,-0.10382100000000001,1.01239,0.017807
947,1525628544.2619429,1525628544.2619429,-0.101776,1.01683,0.0051270000000000005
948,1525628544.27196,1525628544.27196,-0.124405,1.011093,0.0039829999999999996
949,1525628544.281762,1525628544.281762,-0.159622,0.997833,0.012938999999999999
950,1525628544.291858,1525628544.291858,-0.195633,0.9774930000000001,0.026566000000000003
951,1525628544.301673,1525628544.301673,-0.231339,0.956772,0.042480000000000004
952,1525628544.311807,1525628544.311807,-0.253601,0.949997,0.053375
953,1525628544.323621,1525628544.323621,-0.25589,0.9583280000000001,0.054977
954,1525628544.3319118,1525628544.3319118,-0.243546,0.976807,0.058212
955,1525628544.3416052,1525628544.3416052,-0.21373000000000003,0.998138,0.061249
956,1525628544.351635,1525628544.351635,-0.17088299999999998,1.0041959999999999,0.043488
957,1525628544.36173,1525628544.36173,-0.159225,0.9821469999999999,0.020172
958,1525628544.3734741,1525628544.3734741,-0.165237,0.9426120000000001,0.025116
959,1525628544.381628,1525628544.381628,-0.153229,0.920517,0.034988
960,1525628544.3916118,1525628544.3916118,-0.129211,0.943832,0.021332
961,1525628544.401386,1525628544.401386,-0.127945,0.9823299999999999,-0.002838
962,1525628544.4122381,1525628544.4122381,-0.122528,1.00061,-0.00296
963,1525628544.42446,1525628544.42446,-0.099991,1.013855,-0.01001
964,1525628544.431608,1525628544.431608,-0.08541900000000001,1.02594,-0.015854
965,1525628544.4415429,1525628544.4415429,-0.086395,1.0256040000000002,-0.018158
966,1525628544.451504,1525628544.451504,-0.111008,1.0059049999999998,-0.017578
967,1525628544.462862,1525628544.462862,-0.153366,0.988007,-0.002914
968,1525628544.471541,1525628544.471541,-0.202652,0.983093,0.016174
969,1525628544.48143,1525628544.48143,-0.24334699999999998,0.97377,0.026672
970,1525628544.49141,1525628544.49141,-0.26927199999999996,0.9494020000000001,0.036301
971,1525628544.501264,1525628544.501264,-0.272827,0.935745,0.03775
972,1525628544.512884,1525628544.512884,-0.25102199999999997,0.947464,0.029663
973,1525628544.521157,1525628544.521157,-0.21261599999999997,0.970245,0.027542
974,1525628544.531229,1525628544.531229,-0.16336099999999998,0.991333,0.022415
975,1525628544.54114,1525628544.54114,-0.116638,1.003601,0.006989
976,1525628544.551378,1525628544.551378,-0.095627,1.0118559999999999,-0.00415
977,1525628544.563799,1525628544.563799,-0.099442,1.016464,-0.014099
978,1525628544.571223,1525628544.571223,-0.12352,1.004807,-0.015594
979,1525628544.581086,1525628544.581086,-0.15545699999999998,0.985626,-0.012268000000000001
980,1525628544.591208,1525628544.591208,-0.180222,0.976044,-0.007462000000000001
981,1525628544.602418,1525628544.602418,-0.192734,0.9747469999999999,-6.1e-05
982,1525628544.611275,1525628544.611275,-0.192657,0.9766389999999999,0.009521
983,1525628544.621021,1525628544.621021,-0.187592,0.97229,0.01239
984,1525628544.631155,1525628544.631155,-0.180923,0.967026,0.009811
985,1525628544.640869,1525628544.640869,-0.174576,0.968399,0.007904000000000001
986,1525628544.652538,1525628544.652538,-0.167526,0.9742280000000001,0.010787999999999999
987,1525628544.661138,1525628544.661138,-0.162338,0.977554,0.007629
988,1525628544.671042,1525628544.671042,-0.159485,0.9831850000000001,-0.000549
989,1525628544.68092,1525628544.68092,-0.15654,0.990524,-0.007781999999999999
990,1525628544.690785,1525628544.690785,-0.158539,0.991455,-0.016022
991,1525628544.7034779,1525628544.7034779,-0.157669,0.9889530000000001,-0.025818
992,1525628544.711016,1525628544.711016,-0.169189,0.980316,-0.029373000000000003
993,1525628544.7208118,1525628544.7208118,-0.181091,0.9754639999999999,-0.014435
994,1525628544.7310839,1525628544.7310839,-0.188828,0.975052,0.008102
