,Unnamed: 0,Time,TimeRedundant,X,Y,Z
0,0,1525628534.814609,1525628534.814609,-0.007593000000000002,0.007498,-0.011615
1,1,1525628534.824652,1525628534.824652,-0.009674,0.018164,-0.00946
2,2,1525628534.834394,1525628534.834394,-0.00645,0.011754,-0.006307
3,3,1525628534.8445618,1525628534.8445618,-0.006492,0.016019,-0.010564
4,4,1525628534.857,1525628534.857,-0.006599,0.020287,-0.020141
5,5,1525628534.864506,1525628534.864506,-0.006611,0.030947,-0.023334
6,6,1525628534.874512,1525628534.874512,-0.004456,0.039464,-0.02336
7,7,1525628534.884439,1525628534.884439,-0.005502,0.047995,-0.023347
8,8,1525628534.895618,1525628534.895618,-0.01185,0.058679,-0.02114
9,9,1525628534.9044788,1525628534.9044788,-0.010759,0.062937,-0.020089
10,10,1525628534.914397,1525628534.914397,-0.008579,0.050136,-0.01373
11,11,1525628534.924449,1525628534.924449,-0.003269,0.040521,-0.013794999999999998
12,12,1525628534.934506,1525628534.934506,0.003053,0.029838,-0.018131
13,13,1525628534.9443474,1525628534.9443474,0.008168,0.020231,-0.034158999999999995
14,14,1525628534.954566,1525628534.954566,0.006876999999999999,0.029838,-0.054366
15,15,1525628534.964298,1525628534.964298,0.002577,0.058637,-0.062827
16,16,1525628534.974294,1525628534.974294,-0.000466,0.08529099999999999,-0.055338
17,17,1525628534.9896526,1525628534.9896526,0.001887,0.078878,-0.036209
18,18,1525628534.993931,1525628534.993931,0.009508,0.061786,-0.020337
19,19,1525628535.004321,1525628535.004321,0.012655,0.035127,-0.019312
20,20,1525628535.014175,1525628535.014175,0.01147,0.008487999999999999,-0.023556
21,21,1525628535.0242429,1525628535.0242429,0.025363,-0.023549,-0.015212
22,22,1525628535.034125,1525628535.034125,0.03611,-0.039586,-0.005765
23,23,1525628535.044107,1525628535.044107,0.038272,-0.03853,-0.003662
24,24,1525628535.0541599,1525628535.0541599,0.032928,-0.021453,-0.007854
25,25,1525628535.064091,1525628535.064091,0.027582,0.005218,-0.014174
26,26,1525628535.074087,1525628535.074087,0.029672000000000007,0.019068,-0.020585
27,27,1525628535.084022,1525628535.084022,0.030635000000000006,0.029726,-0.03124
28,28,1525628535.094006,1525628535.094006,0.026316000000000003,0.040406,-0.037573
29,29,1525628535.1043036,1525628535.1043036,0.026323000000000003,0.032944,-0.035445
30,30,1525628535.114208,1525628535.114208,0.028443,0.011618,-0.032277999999999994
31,31,1525628535.123958,1525628535.123958,0.03175,0.007336,-0.02274
32,32,1525628535.134243,1525628535.134243,0.02874,0.00521,-0.006737999999999999
33,33,1525628535.144224,1525628535.144224,0.027762,0.004145,0.000725
34,34,1525628535.154662,1525628535.154662,0.026672,-0.000113,-0.000326
35,35,1525628535.164365,1525628535.164365,0.027634,0.005215999999999999,-0.009917
36,36,1525628535.174163,1525628535.174163,0.025449,0.015886,-0.016276
37,37,1525628535.18418,1525628535.18418,0.020149,0.035094,-0.017275
38,38,1525628535.194151,1525628535.194151,0.023387,0.044672,-0.01625
39,39,1525628535.2057712,1525628535.2057712,0.026585,0.038263,-0.015225
40,40,1525628535.2141461,1525628535.2141461,0.024415,0.039339,-0.018392
41,41,1525628535.22409,1525628535.22409,0.023332,0.048938,-0.021571
42,42,1525628535.234058,1525628535.234058,0.01804,0.044695,-0.017249
43,43,1525628535.244741,1525628535.244741,0.012786,0.035121,-0.00867
44,44,1525628535.259919,1525628535.259919,0.004316,0.035155,-0.0032450000000000005
45,45,1525628535.264018,1525628535.264018,-0.003199,0.031991000000000006,-0.006346
46,46,1525628535.275275,1525628535.275275,-0.02475,0.035288,-0.024176
47,47,1525628535.283648,1525628535.283648,-0.076241,0.089878,-0.057604
48,48,1525628535.29652,1525628535.29652,-0.139214,0.167957,-0.07492599999999999
49,49,1525628535.303909,1525628535.303909,-0.193362,0.225736,-0.064683
50,50,1525628535.3137882,1525628535.3137882,-0.22710100000000005,0.25571,-0.03766
51,51,1525628535.323853,1525628535.323853,-0.243686,0.293069,-0.005525
52,52,1525628535.334738,1525628535.334738,-0.242298,0.306909,0.017874
53,53,1525628535.343843,1525628535.343843,-0.233696,0.275958,0.029476
54,54,1525628535.353819,1525628535.353819,-0.230537,0.23331,0.034758
55,55,1525628535.363816,1525628535.363816,-0.234872,0.143795,0.04758
56,56,1525628535.3738039,1525628535.3738039,-0.222049,0.125619,0.052745000000000014
57,57,1525628535.3838801,1525628535.3838801,-0.206168,0.144743,0.038714
58,58,1525628535.393676,1525628535.393676,-0.141488,0.110374,0.012378
59,59,1525628535.4037108,1525628535.4037108,0.032236,-0.038518,0.026213
60,60,1525628535.413433,1525628535.413433,0.094994,-0.129379,0.028636
61,61,1525628535.423642,1525628535.423642,0.027731,-0.044885,0.008173999999999999
62,62,1525628535.4336472,1525628535.4336472,-0.056503,0.089774,-0.014207
63,63,1525628535.4436018,1525628535.4436018,-0.08102899999999999,0.120789,-0.019228
64,64,1525628535.4535599,1525628535.4535599,-0.044538,0.071595,0.007997
65,65,1525628535.463827,1525628535.463827,0.013572999999999998,0.005244,0.061567
66,66,1525628535.473364,1525628535.473364,0.024694,-0.022534,0.104004
67,67,1525628535.483483,1525628535.483483,0.001583,-0.019251,0.133025
68,68,1525628535.493459,1525628535.493459,-0.032208999999999995,-0.010593,0.160047
69,69,1525628535.503417,1525628535.503417,-0.054208000000000006,0.000145,0.191183
70,70,1525628535.513416,1525628535.513416,-0.065606,0.020433,0.214739
71,71,1525628535.5234,1525628535.5234,-0.09526,0.050396,0.226811
72,72,1525628535.533351,1525628535.533351,-0.147306,0.100706,0.235964
73,73,1525628535.543825,1525628535.543825,-0.203469,0.143567,0.259004
74,74,1525628535.579709,1525628535.579709,-0.241299,0.150102,0.305234
75,75,1525628535.579784,1525628535.579784,-0.25137,0.102157,0.363895
76,76,1525628535.579983,1525628535.579983,-0.253987,0.027533,0.4267220000000001
77,77,1525628535.583273,1525628535.583273,-0.241808,-0.014105,0.471275
78,78,1525628535.593351,1525628535.593351,-0.211801,-0.033424,0.485809
79,79,1525628535.602918,1525628535.602918,-0.18635,-0.03779,0.473789
80,80,1525628535.61294,1525628535.61294,-0.174901,-0.021839,0.447041
81,81,1525628535.623059,1525628535.623059,-0.178421,0.017626,0.413025
82,82,1525628535.633255,1525628535.633255,-0.191564,0.084846,0.371678
83,83,1525628535.643315,1525628535.643315,-0.203709,0.13501,0.32819
84,84,1525628535.6531632,1525628535.6531632,-0.216897,0.153201,0.29322800000000004
85,85,1525628535.663174,1525628535.663174,-0.216073,0.150008,0.274059
86,86,1525628535.673139,1525628535.673139,-0.191638,0.129656,0.269502
87,87,1525628535.6831,1525628535.6831,-0.149104,0.083647,0.266852
88,88,1525628535.6931038,1525628535.6931038,-0.107619,0.034444,0.266343
89,89,1525628535.703213,1525628535.703213,-0.081108,0.006624,0.258567
90,90,1525628535.713077,1525628535.713077,-0.080039,-0.002974,0.260682
91,91,1525628535.723044,1525628535.723044,-0.091663,-0.01039,0.271468
92,92,1525628535.733026,1525628535.733026,-0.099981,-0.012495,0.289664
93,93,1525628535.743003,1525628535.743003,-0.098633,-0.014643000000000003,0.31306300000000004
94,94,1525628535.753065,1525628535.753065,-0.080345,-0.027517000000000003,0.32774000000000003
95,95,1525628535.76284,1525628535.76284,-0.064212,-0.032919,0.339251
96,96,1525628535.772942,1525628535.772942,-0.047179,-0.037254,0.336913
97,97,1525628535.782924,1525628535.782924,-0.026036,-0.068248,0.327075
98,98,1525628535.792933,1525628535.792933,-0.001798,-0.10458,0.309747
99,99,1525628535.8027961,1525628535.8027961,0.028821,-0.133478,0.289149
100,100,1525628535.812865,1525628535.812865,0.071246,-0.124056,0.266279
101,101,1525628535.822834,1525628535.822834,0.108395,-0.075175,0.240281
102,102,1525628535.8329802,1525628535.8329802,0.128405,-0.023021,0.208107
103,103,1525628535.842799,1525628535.842799,0.121605,-0.010187,0.173067
104,104,1525628535.852803,1525628535.852803,0.090297,-0.016436000000000003,0.14471199999999998
105,105,1525628535.862758,1525628535.862758,0.06869,-0.04085,0.127946
106,106,1525628535.87273,1525628535.87273,0.089894,-0.09956,0.128749
107,107,1525628535.882714,1525628535.882714,0.13785999999999998,-0.179705,0.140932
108,108,1525628535.892692,1525628535.892692,0.166793,-0.23312800000000006,0.161864
109,109,1525628535.90275,1525628535.90275,0.152291,-0.210698,0.192908
110,110,1525628535.912647,1525628535.912647,0.128155,-0.154117,0.214493
111,111,1525628535.922506,1525628535.922506,0.121741,-0.112519,0.204993
112,112,1525628535.932561,1525628535.932561,0.12451199999999997,-0.080538,0.16345
113,113,1525628535.942462,1525628535.942462,0.121731,-0.031471,0.100689
114,114,1525628535.9525974,1525628535.9525974,0.108331,0.016574000000000002,0.042314
115,115,1525628535.962548,1525628535.962548,0.06856799999999999,0.083905,0.00555
116,116,1525628535.972526,1525628535.972526,0.013151,0.128906,0.001972
117,117,1525628535.982507,1525628535.982507,-0.019643,0.131167,0.024725
118,118,1525628535.992484,1525628535.992484,-0.013904,0.078898,0.06829099999999999
119,119,1525628536.0024571,1525628536.0024571,0.0058,0.01271,0.122331
120,120,1525628536.012321,1525628536.012321,0.019057,-0.040658,0.17006300000000002
121,121,1525628536.022418,1525628536.022418,-0.007212,-0.061879,0.207636
122,122,1525628536.032387,1525628536.032387,-0.042064,-0.029767,0.230415
123,123,1525628536.042378,1525628536.042378,-0.030244,0.0352,0.223886
124,124,1525628536.052438,1525628536.052438,-0.026343,0.082096,0.184459
125,125,1525628536.062337,1525628536.062337,-0.054752,0.132339,0.119882
126,126,1525628536.07232,1525628536.07232,-0.08619299999999999,0.224159,0.060665
127,127,1525628536.082208,1525628536.082208,-0.078415,0.27105300000000004,-0.010741
128,128,1525628536.0922801,1525628536.0922801,-0.048834,0.145201,-0.096255
129,129,1525628536.102383,1525628536.102383,-0.021507,-0.039263,-0.179615
130,130,1525628536.112268,1525628536.112268,0.028803,-0.117255,-0.237708
131,131,1525628536.122183,1525628536.122183,0.065165,-0.118478,-0.230702
132,132,1525628536.132255,1525628536.132255,0.106699,-0.092043,-0.15564
133,133,1525628536.142585,1525628536.142585,0.15270899999999998,-0.065635,-0.06360299999999999
134,134,1525628536.152168,1525628536.152168,0.167158,-0.063585,-0.016947999999999998
135,135,1525628536.162103,1525628536.162103,0.136,-0.05705,-0.035725
136,136,1525628536.1721199,1525628536.1721199,0.116274,-0.051617,-0.079122
137,137,1525628536.1821759,1525628536.1821759,0.121268,-0.078274,-0.101535
138,138,1525628536.1920722,1525628536.1920722,0.114057,-0.105966,-0.074839
139,139,1525628536.20229,1525628536.20229,0.096474,-0.09845,-0.030985
140,140,1525628536.212024,1525628536.212024,0.067139,-0.061039,0.005563
141,141,1525628536.222002,1525628536.222002,0.020717,0.011621,0.033806
142,142,1525628536.234418,1525628536.234418,-0.048131,0.05986,0.06551599999999999
143,143,1525628536.241852,1525628536.241852,-0.10829,0.096333,0.112021
144,144,1525628536.252203,1525628536.252203,-0.154471,0.08264400000000001,0.177511
145,145,1525628536.261926,1525628536.261926,-0.165527,0.041096,0.24150700000000005
146,146,1525628536.271977,1525628536.271977,-0.135899,0.051599,0.30607
147,147,1525628536.281971,1525628536.281971,-0.088012,0.064152,0.37999
148,148,1525628536.291856,1525628536.291856,-0.047587,0.01598,0.466772
149,149,1525628536.302084,1525628536.302084,-0.033257,-0.050184,0.517684
150,150,1525628536.311808,1525628536.311808,-0.054931,-0.049014,0.490275
151,151,1525628536.3218026,1525628536.3218026,-0.100875,-0.012536,0.390789
152,152,1525628536.332393,1525628536.332393,-0.135421,0.008981999999999999,0.26668200000000003
153,153,1525628536.342122,1525628536.342122,-0.137444,-0.008029000000000001,0.192201
154,154,1525628536.352249,1525628536.352249,-0.12801300000000002,-0.029381,0.182506
155,155,1525628536.361848,1525628536.361848,-0.12653499999999998,-0.036863,0.217611
156,156,1525628536.3719802,1525628536.3719802,-0.139925,-0.075196,0.264606
157,157,1525628536.3817651,1525628536.3817651,-0.14615799999999998,-0.143394,0.29235300000000003
158,158,1525628536.39199,1525628536.39199,-0.106638,-0.208584,0.308898
159,159,1525628536.401505,1525628536.401505,-0.063968,-0.315355,0.32966
160,160,1525628536.411689,1525628536.411689,-0.053384,-0.391076,0.338043
161,161,1525628536.421579,1525628536.421579,-0.052501,-0.407062,0.326324
162,162,1525628536.4316561,1525628536.4316561,-0.050953,-0.427299,0.282665
163,163,1525628536.441682,1525628536.441682,-0.0623,-0.421897,0.226393
164,164,1525628536.451525,1525628536.451525,-0.084136,-0.375952,0.176637
165,165,1525628536.4616392,1525628536.4616392,-0.125854,-0.341662,0.161183
166,166,1525628536.471403,1525628536.471403,-0.165113,-0.31805300000000003,0.17443599999999998
167,167,1525628536.481461,1525628536.481461,-0.176251,-0.277523,0.215019
168,168,1525628536.491439,1525628536.491439,-0.187316,-0.286028,0.271565
169,169,1525628536.5014222,1525628536.5014222,-0.182277,-0.290342,0.335365
170,170,1525628536.5113974,1525628536.5113974,-0.161342,-0.311773,0.393648
171,171,1525628536.5213811,1525628536.5213811,-0.148227,-0.333158,0.423289
172,172,1525628536.531306,1525628536.531306,-0.165377,-0.31816,0.41392
173,173,1525628536.541477,1525628536.541477,-0.195556,-0.283911,0.382359
174,174,1525628536.551317,1525628536.551317,-0.209747,-0.250796,0.349539
175,175,1525628536.561176,1525628536.561176,-0.209939,-0.23373400000000005,0.330383
176,176,1525628536.571347,1525628536.571347,-0.215327,-0.202798,0.319806
177,177,1525628536.581268,1525628536.581268,-0.22277,-0.17185599999999998,0.315641
178,178,1525628536.591312,1525628536.591312,-0.214189,-0.148444,0.314472
179,179,1525628536.6012142,1525628536.6012142,-0.198078,-0.120803,0.317469
180,180,1525628536.6113286,1525628536.6113286,-0.206583,-0.103713,0.31651
181,181,1525628536.621174,1525628536.621174,-0.238562,-0.076931,0.313708
182,182,1525628536.631265,1525628536.631265,-0.255573,-0.058741,0.314981
183,183,1525628536.642281,1525628536.642281,-0.260856,-0.074709,0.322496
184,184,1525628536.651113,1525628536.651113,-0.266899,-0.067235,0.350244
185,185,1525628536.661227,1525628536.661227,-0.267384,-0.053397,0.394953
186,186,1525628536.671068,1525628536.671068,-0.269951,-0.0193,0.439688
187,187,1525628536.681221,1525628536.681221,-0.280141,0.046811,0.4653600000000001
188,188,1525628536.690901,1525628536.690901,-0.287389,0.108657,0.470772
189,189,1525628536.701008,1525628536.701008,-0.302596,0.12578599999999998,0.445414
190,190,1525628536.711154,1525628536.711154,-0.313787,0.125852,0.402976
191,191,1525628536.721094,1525628536.721094,-0.320621,0.130161,0.366872
192,192,1525628536.731149,1525628536.731149,-0.33465900000000004,0.13555599999999998,0.352143
193,193,1525628536.7410939,1525628536.7410939,-0.35147399999999995,0.169727,0.366186
194,194,1525628536.751216,1525628536.751216,-0.363736,0.22412,0.399333
195,195,1525628536.761051,1525628536.761051,-0.373694,0.299816,0.4420310000000001
196,196,1525628536.770888,1525628536.770888,-0.384728,0.392571,0.480486
197,197,1525628536.78105,1525628536.78105,-0.407793,0.471531,0.4978
198,198,1525628536.791004,1525628536.791004,-0.4472640000000001,0.478094,0.497219
199,199,1525628536.800829,1525628536.800829,-0.478664,0.351401,0.485891
200,200,1525628536.810943,1525628536.810943,-0.448286,0.131716,0.484449
201,201,1525628536.8207881,1525628536.8207881,-0.376039,-0.113738,0.509102
202,202,1525628536.8325038,1525628536.8325038,-0.34059,-0.272717,0.560817
203,203,1525628536.8408961,1525628536.8408961,-0.365434,-0.313144,0.631368
204,204,1525628536.8506038,1525628536.8506038,-0.392263,-0.272559,0.697687
205,205,1525628536.860846,1525628536.860846,-0.390616,-0.21822600000000006,0.733857
206,206,1525628536.870683,1525628536.870683,-0.381985,-0.163905,0.73056
207,207,1525628536.880919,1525628536.880919,-0.403827,-0.13608,0.683996
208,208,1525628536.890783,1525628536.890783,-0.451745,-0.134775,0.604755
209,209,1525628536.900623,1525628536.900623,-0.461334,-0.185859,0.529302
210,210,1525628536.910738,1525628536.910738,-0.445001,-0.31381,0.495039
211,211,1525628536.920579,1525628536.920579,-0.429004,-0.431128,0.518255
212,212,1525628536.930617,1525628536.930617,-0.420895,-0.503667,0.585208
213,213,1525628536.940675,1525628536.940675,-0.407052,-0.50483,0.670188
214,214,1525628536.9505188,1525628536.9505188,-0.409311,-0.478207,0.741528
215,215,1525628536.960636,1525628536.960636,-0.447364,-0.440752,0.763282
216,216,1525628536.97047,1525628536.97047,-0.487063,-0.389412,0.735031
217,217,1525628536.980851,1525628536.980851,-0.505778,-0.380784,0.6863
218,218,1525628536.990571,1525628536.990571,-0.529764,-0.398784,0.6482760000000001
219,219,1525628537.000393,1525628537.000393,-0.561905,-0.374126,0.632704
220,220,1525628537.010268,1525628537.010268,-0.618043,-0.305685,0.652552
221,221,1525628537.0203722,1525628537.0203722,-0.68882,-0.196688,0.688545
222,222,1525628537.030484,1525628537.030484,-0.744542,-0.029134,0.722226
223,223,1525628537.041135,1525628537.041135,-0.780224,0.103168,0.743954
224,224,1525628537.0503118,1525628537.0503118,-0.814459,0.075603,0.742243
225,225,1525628537.060683,1525628537.060683,-0.82147,-0.017079,0.71146
226,226,1525628537.070276,1525628537.070276,-0.794084,-0.074741,0.6940930000000001
227,227,1525628537.080856,1525628537.080856,-0.783914,-0.08226599999999999,0.741865
228,228,1525628537.090364,1525628537.090364,-0.807679,-0.040662,0.883716
229,229,1525628537.100502,1525628537.100502,-0.8434149999999999,0.036137,1.086384
230,230,1525628537.110184,1525628537.110184,-0.8599180000000001,0.113919,1.290945
231,231,1525628537.1204052,1525628537.1204052,-0.8758969999999999,0.15761,1.458246
232,232,1525628537.130274,1525628537.130274,-0.890236,0.18639,1.588274
233,233,1525628537.140199,1525628537.140199,-0.8878370000000001,0.270537,1.6797830000000002
234,234,1525628537.150102,1525628537.150102,-0.903815,0.378222,1.747036
235,235,1525628537.1602619,1525628537.1602619,-0.981464,0.522401,1.824624
236,236,1525628537.169935,1525628537.169935,-1.129942,0.7393390000000001,1.941397
237,237,1525628537.180033,1525628537.180033,-1.311824,1.041664,2.101156
238,238,1525628537.190151,1525628537.190151,-1.449517,1.3768280000000002,2.290178
239,239,1525628537.200078,1525628537.200078,-1.484916,1.6614650000000002,2.477947
240,240,1525628537.2101119,1525628537.2101119,-1.402669,1.793245,2.545064
241,241,1525628537.220272,1525628537.220272,-1.398654,1.57591,2.307656
242,242,1525628537.230095,1525628537.230095,-1.297835,1.485134,1.75934
243,243,1525628537.240081,1525628537.240081,-1.015957,1.611084,1.052354
244,244,1525628537.249923,1525628537.249923,-0.692116,1.515174,0.332077
245,245,1525628537.2597961,1525628537.2597961,-0.525203,1.0298120000000002,-0.314981
246,246,1525628537.269889,1525628537.269889,-0.538799,0.480126,-0.789535
247,247,1525628537.2799964,1525628537.2799964,-0.6064970000000001,0.075504,-1.006913
248,248,1525628537.289978,1525628537.289978,-0.5808180000000001,-0.20281,-0.944439
249,249,1525628537.299959,1525628537.299959,-0.416235,-0.5095109999999999,-0.686758
250,250,1525628537.309822,1525628537.309822,-0.151384,-0.833693,-0.428175
251,251,1525628537.319739,1525628537.319739,0.133729,-1.054489,-0.365679
252,252,1525628537.329773,1525628537.329773,0.374254,-1.16733,-0.567659
253,253,1525628537.339876,1525628537.339876,0.5553359999999999,-1.202002,-1.0211629999999998
254,254,1525628537.349716,1525628537.349716,0.682358,-1.172425,-1.632594
255,255,1525628537.359916,1525628537.359916,0.781674,-1.067052,-2.256455
256,256,1525628537.369596,1525628537.369596,0.854693,-0.90193,-2.774621
257,257,1525628537.37979,1525628537.37979,0.917229,-0.685684,-3.113846
258,258,1525628537.390534,1525628537.390534,0.990381,-0.45144,-3.28716
259,259,1525628537.3996286,1525628537.3996286,1.093618,-0.26426900000000003,-3.346956
260,260,1525628537.409563,1525628537.409563,1.221514,-0.200853,-3.371935
261,261,1525628537.4196632,1525628537.4196632,1.369319,-0.282471,-3.397161
262,262,1525628537.429681,1525628537.429681,1.548814,-0.448419,-3.431292
263,263,1525628537.439667,1525628537.439667,1.7463959999999998,-0.624035,-3.467774
264,264,1525628537.450357,1525628537.450357,1.925943,-0.753744,-3.5050980000000003
265,265,1525628537.459625,1525628537.459625,2.048064,-0.79368,-3.54491
266,266,1525628537.469505,1525628537.469505,2.097798,-0.7587010000000001,-3.585963
267,267,1525628537.479572,1525628537.479572,2.10395,-0.691566,-3.620095
268,268,1525628537.489442,1525628537.489442,2.109169,-0.632959,-3.641444
269,269,1525628537.499403,1525628537.499403,2.122112,-0.5978439999999999,-3.637344
270,270,1525628537.509489,1525628537.509489,2.137422,-0.589395,-3.608794
271,271,1525628537.519438,1525628537.519438,2.123939,-0.591484,-3.5766980000000004
272,272,1525628537.529494,1525628537.529494,2.061312,-0.589098,-3.550387
273,273,1525628537.5393946,1525628537.5393946,1.968975,-0.553549,-3.517326
274,274,1525628537.5493,1525628537.5493,1.882388,-0.492458,-3.455597
275,275,1525628537.559753,1525628537.559753,1.806817,-0.422899,-3.367393
276,276,1525628537.56988,1525628537.56988,1.7357209999999998,-0.327784,-3.267535
277,277,1525628537.579422,1525628537.579422,1.6796490000000002,-0.192233,-3.168924
278,278,1525628537.589351,1525628537.589351,1.618246,-0.091833,-3.062798
279,279,1525628537.5991971,1525628537.5991971,1.535664,-0.069161,-2.927678
280,280,1525628537.609388,1525628537.609388,1.433531,-0.06668400000000001,-2.729522
281,281,1525628537.619343,1525628537.619343,1.305631,-0.036418,-2.462932
282,282,1525628537.629318,1525628537.629318,1.161242,0.028007,-2.155693
283,283,1525628537.639299,1525628537.639299,1.026542,0.106243,-1.844314
284,284,1525628537.649294,1525628537.649294,0.8980809999999999,0.124769,-1.534078
285,285,1525628537.659255,1525628537.659255,0.773652,0.096386,-1.233473
286,286,1525628537.669451,1525628537.669451,0.6630050000000001,0.090332,-0.944743
287,287,1525628537.679332,1525628537.679332,0.5438270000000001,0.106698,-0.660165
288,288,1525628537.689195,1525628537.689195,0.403477,0.14766300000000002,-0.366813
289,289,1525628537.6991699,1525628537.6991699,0.255814,0.239818,-0.071241
290,290,1525628537.709283,1525628537.709283,0.094231,0.385328,0.209602
291,291,1525628537.719351,1525628537.719351,-0.069836,0.562839,0.455353
292,292,1525628537.729719,1525628537.729719,-0.241077,0.734014,0.639458
293,293,1525628537.739095,1525628537.739095,-0.421641,0.8508950000000001,0.770457
294,294,1525628537.749583,1525628537.749583,-0.571327,0.959121,0.8978860000000001
295,295,1525628537.75903,1525628537.75903,-0.6129979999999999,1.166008,1.025061
296,296,1525628537.769603,1525628537.769603,-0.411977,1.668207,1.0439040000000002
297,297,1525628537.7789009,1525628537.7789009,0.290125,2.811111,0.723494
298,298,1525628537.789441,1525628537.789441,0.7746970000000001,3.294385,-0.146677
299,299,1525628537.799251,1525628537.799251,0.608482,2.7168810000000003,-1.314392
300,300,1525628537.809351,1525628537.809351,-0.07703,1.646679,-1.6572790000000002
301,301,1525628537.819216,1525628537.819216,-0.520401,0.64849,-0.889805
302,302,1525628537.829016,1525628537.829016,-0.624394,-0.337637,0.663272
303,303,1525628537.838886,1525628537.838886,-0.431533,-0.898633,2.060528
304,304,1525628537.848818,1525628537.848818,-0.243346,-0.896483,2.613821
305,305,1525628537.858855,1525628537.858855,-0.12853499999999998,-0.370359,2.38466
306,306,1525628537.869093,1525628537.869093,0.049922,0.121634,1.609768
307,307,1525628537.878808,1525628537.878808,0.256622,0.035884,0.732334
308,308,1525628537.888781,1525628537.888781,0.379241,-0.50584,0.226312
309,309,1525628537.898772,1525628537.898772,0.316127,-0.958537,0.21855500000000005
310,310,1525628537.908727,1525628537.908727,0.073864,-0.788183,0.5280590000000001
311,311,1525628537.918988,1525628537.918988,-0.20947,-0.111408,0.8657540000000001
312,312,1525628537.9287019,1525628537.9287019,-0.362495,0.602193,1.0326229999999998
313,313,1525628537.9385538,1525628537.9385538,-0.338456,0.985797,1.00041
314,314,1525628537.948672,1525628537.948672,-0.180216,0.906313,0.8686200000000001
315,315,1525628537.958632,1525628537.958632,-0.036583,0.432534,0.75722
316,316,1525628537.9689279,1525628537.9689279,-0.017027,-0.082316,0.7165189999999999
317,317,1525628537.97892,1525628537.97892,-0.07384600000000001,-0.36453,0.752329
318,318,1525628537.9885788,1525628537.9885788,-0.116664,-0.480566,0.851835
319,319,1525628537.9985619,1525628537.9985619,-0.066182,-0.539456,0.977874
320,320,1525628538.008373,1525628538.008373,0.071563,-0.597643,1.084752
321,321,1525628538.0183554,1525628538.0183554,0.210015,-0.570547,1.144793
322,322,1525628538.02833,1525628538.02833,0.236136,-0.363891,1.144479
323,323,1525628538.038308,1525628538.038308,0.121917,-0.034039,1.07351
324,324,1525628538.048292,1525628538.048292,-0.068621,0.32813400000000004,0.950257
325,325,1525628538.058275,1525628538.058275,-0.227823,0.563357,0.79788
326,326,1525628538.0682518,1525628538.0682518,-0.26232300000000003,0.526288,0.602459
327,327,1525628538.078228,1525628538.078228,-0.20328,0.316158,0.413339
328,328,1525628538.0882099,1525628538.0882099,-0.16046,0.115658,0.29147199999999995
329,329,1525628538.0980241,1525628538.0980241,-0.187497,0.000669,0.28541300000000003
330,330,1525628538.1081722,1525628538.1081722,-0.250278,-0.018296,0.390487
331,331,1525628538.118149,1525628538.118149,-0.276958,-0.008668,0.562176
332,332,1525628538.128205,1525628538.128205,-0.251737,-0.075991,0.718326
333,333,1525628538.138104,1525628538.138104,-0.213618,-0.166783,0.799812
334,334,1525628538.148041,1525628538.148041,-0.196663,-0.218014,0.800668
335,335,1525628538.1580632,1525628538.1580632,-0.213396,-0.191269,0.7359479999999999
336,336,1525628538.1680439,1525628538.1680439,-0.24417,-0.12928299999999998,0.650113
337,337,1525628538.17802,1525628538.17802,-0.26105700000000004,-0.059895,0.5641079999999999
338,338,1525628538.1880019,1525628538.1880019,-0.262847,-0.015093,0.496013
339,339,1525628538.197998,1525628538.197998,-0.254826,-0.006581,0.452276
340,340,1525628538.208051,1525628538.208051,-0.231619,-0.013065,0.431769
341,341,1525628538.2179394,1525628538.2179394,-0.209261,-0.036608,0.432559
342,342,1525628538.227917,1525628538.227917,-0.192009,-0.047347,0.449378
343,343,1525628538.237895,1525628538.237895,-0.175768,-0.0357,0.466209
344,344,1525628538.2479448,1525628538.2479448,-0.161736,-0.017644999999999997,0.475617
345,345,1525628538.258826,1525628538.258826,-0.151151,-0.019818,0.469102
346,346,1525628538.267802,1525628538.267802,-0.153781,-0.041107,0.432945
347,347,1525628538.277816,1525628538.277816,-0.15567,-0.082639,0.374427
348,348,1525628538.28787,1525628538.28787,-0.152245,-0.13805,0.316908
349,349,1525628538.2978141,1525628538.2978141,-0.15803599999999998,-0.179579,0.28824
350,350,1525628538.307749,1525628538.307749,-0.165201,-0.16783499999999998,0.31068
351,351,1525628538.317761,1525628538.317761,-0.176181,-0.142234,0.367226
352,352,1525628538.3277366,1525628538.3277366,-0.181832,-0.124117,0.424771
353,353,1525628538.337717,1525628538.337717,-0.191089,-0.116629,0.451493
354,354,1525628538.3477561,1525628538.3477561,-0.195275,-0.10489,0.455802
355,355,1525628538.357675,1525628538.357675,-0.197442,-0.092088,0.450507
356,356,1525628538.367658,1525628538.367658,-0.1995,-0.051578,0.448405
357,357,1525628538.3776429,1525628538.3776429,-0.202347,0.032628,0.46015
358,358,1525628538.387917,1525628538.387917,-0.217932,0.13713699999999998,0.473116
359,359,1525628538.397666,1525628538.397666,-0.23244,0.251235,0.485005
360,360,1525628538.407576,1525628538.407576,-0.228847,0.366323,0.49348
361,361,1525628538.417435,1525628538.417435,-0.24132,0.482548,0.496829
362,362,1525628538.427533,1525628538.427533,-0.295427,0.593621,0.499623
363,363,1525628538.437513,1525628538.437513,-0.361175,0.7217939999999999,0.506817
364,364,1525628538.44761,1525628538.44761,-0.397045,0.789083,0.526416
365,365,1525628538.458004,1525628538.458004,-0.404215,0.751796,0.558434
366,366,1525628538.467451,1525628538.467451,-0.390002,0.680308,0.6008319999999999
367,367,1525628538.477982,1525628538.477982,-0.386208,0.60992,0.6635810000000001
368,368,1525628538.487418,1525628538.487418,-0.397225,0.557711,0.732897
369,369,1525628538.497875,1525628538.497875,-0.418903,0.5300630000000001,0.798087
370,370,1525628538.507368,1525628538.507368,-0.448288,0.505654,0.8431489999999999
371,371,1525628538.517645,1525628538.517645,-0.472628,0.490828,0.862605
372,372,1525628538.5273259,1525628538.5273259,-0.487547,0.482363,0.86598
373,373,1525628538.537526,1525628538.537526,-0.496234,0.45789,0.858635
374,374,1525628538.547278,1525628538.547278,-0.506059,0.420633,0.8481110000000001
375,375,1525628538.557154,1525628538.557154,-0.520217,0.352485,0.8387020000000001
376,376,1525628538.567412,1525628538.567412,-0.524753,0.244858,0.8387549999999999
377,377,1525628538.57717,1525628538.57717,-0.491887,0.120015,0.846864
378,378,1525628538.5872,1525628538.5872,-0.444965,-0.018751,0.8728940000000001
379,379,1525628538.597137,1525628538.597137,-0.422384,-0.120114,0.907739
380,380,1525628538.6071599,1525628538.6071599,-0.418812,-0.164911,0.947075
381,381,1525628538.61714,1525628538.61714,-0.418451,-0.192639,0.982194
382,382,1525628538.627146,1525628538.627146,-0.415074,-0.22144,1.002374
383,383,1525628538.6370974,1525628538.6370974,-0.402294,-0.240679,1.004346
384,384,1525628538.647073,1525628538.647073,-0.363025,-0.27068400000000004,0.993221
385,385,1525628538.657052,1525628538.657052,-0.331397,-0.359275,0.98006
386,386,1525628538.667037,1525628538.667037,-0.394043,-0.483692,0.943569
387,387,1525628538.676891,1525628538.676891,-0.437869,-0.4547229999999999,0.931334
388,388,1525628538.686988,1525628538.686988,-0.441713,-0.5048199999999999,0.976083
389,389,1525628538.6969712,1525628538.6969712,-0.445356,-0.594363,1.045308
390,390,1525628538.706825,1525628538.706825,-0.467154,-0.6230720000000001,1.10092
391,391,1525628538.716932,1525628538.716932,-0.495588,-0.6570739999999999,1.13852
392,392,1525628538.7269108,1525628538.7269108,-0.5285350000000001,-0.7113,1.160208
393,393,1525628538.7368472,1525628538.7368472,-0.580845,-0.698286,1.155526
394,394,1525628538.746819,1525628538.746819,-0.638067,-0.5061939999999999,1.148782
395,395,1525628538.756849,1525628538.756849,-0.731546,-0.448254,1.171214
396,396,1525628538.766826,1525628538.766826,-0.8301729999999999,-0.512838,1.146874
397,397,1525628538.776814,1525628538.776814,-0.880352,-0.297311,1.100662
398,398,1525628538.791085,1525628538.791085,-0.939935,-0.15423199999999998,1.08543
399,399,1525628538.796777,1525628538.796777,-1.020388,-0.04306,1.115155
400,400,1525628538.806761,1525628538.806761,-1.044227,-0.008875,1.165473
401,401,1525628538.8167222,1525628538.8167222,-0.996999,-0.239322,1.235136
402,402,1525628538.826701,1525628538.826701,-0.899666,-0.5893609999999999,1.325469
403,403,1525628538.836697,1525628538.836697,-0.770859,-0.851083,1.440965
404,404,1525628538.84669,1525628538.84669,-0.642508,-1.045674,1.592657
405,405,1525628538.856667,1525628538.856667,-0.529565,-1.237023,1.792434
406,406,1525628538.866528,1525628538.866528,-0.460919,-1.437796,2.0363900000000004
407,407,1525628538.8766286,1525628538.8766286,-0.402976,-1.5585790000000002,2.2613220000000003
408,408,1525628538.886647,1525628538.886647,-0.382024,-1.610962,2.414332
409,409,1525628538.8966699,1525628538.8966699,-0.424254,-1.595915,2.535121
410,410,1525628538.9065619,1525628538.9065619,-0.59177,-1.521734,2.694698
411,411,1525628538.916544,1525628538.916544,-0.91198,-1.361706,3.001961
412,412,1525628538.9265199,1525628538.9265199,-1.1548,-0.822642,3.451979
413,413,1525628538.936599,1525628538.936599,-1.052011,0.253278,3.696621
414,414,1525628538.946482,1525628538.946482,-0.788441,1.030385,3.278321
415,415,1525628538.956456,1525628538.956456,-0.397187,1.124069,2.186828
416,416,1525628538.966442,1525628538.966442,-0.05927,0.646849,0.7777270000000001
417,417,1525628538.9767,1525628538.9767,0.074623,-0.030992,-0.521385
418,418,1525628538.98703,1525628538.98703,0.070253,-0.5314770000000001,-1.471819
419,419,1525628538.996378,1525628538.996378,0.028883,-0.6739069999999999,-1.944957
420,420,1525628539.006409,1525628539.006409,0.0016079999999999998,-0.604564,-1.833928
421,421,1525628539.016339,1525628539.016339,0.050854,-0.618909,-1.208688
422,422,1525628539.026189,1525628539.026189,0.223195,-0.8800540000000001,-0.414664
423,423,1525628539.036505,1525628539.036505,0.501594,-1.310989,0.100261
424,424,1525628539.046272,1525628539.046272,0.8351649999999999,-1.71104,0.148322
425,425,1525628539.056333,1525628539.056333,1.145905,-2.046869,-0.199277
426,426,1525628539.066994,1525628539.066994,1.435856,-2.289778,-0.781842
427,427,1525628539.076212,1525628539.076212,1.680573,-2.441878,-1.417069
428,428,1525628539.086489,1525628539.086489,1.85356,-2.404011,-1.936462
429,429,1525628539.096168,1525628539.096168,1.945065,-2.085567,-2.283489
430,430,1525628539.106143,1525628539.106143,1.929075,-1.520531,-2.48444
431,431,1525628539.116129,1525628539.116129,1.819397,-0.841091,-2.604414
432,432,1525628539.126106,1525628539.126106,1.6479990000000002,-0.228547,-2.697027
433,433,1525628539.1363866,1525628539.1363866,1.492249,0.26243,-2.794092
434,434,1525628539.1460679,1525628539.1460679,1.4066530000000002,0.602826,-2.882441
435,435,1525628539.1560152,1525628539.1560152,1.389591,0.804355,-2.922672
436,436,1525628539.166592,1525628539.166592,1.409972,0.890602,-2.931433
437,437,1525628539.176001,1525628539.176001,1.435501,0.8862329999999999,-2.937068
438,438,1525628539.18663,1525628539.18663,1.408672,0.8597049999999999,-2.944191
439,439,1525628539.195955,1525628539.195955,1.290498,0.912427,-2.933164
440,440,1525628539.206584,1525628539.206584,1.130206,1.026064,-2.888626
441,441,1525628539.216027,1525628539.216027,1.013154,1.12564,-2.795656
442,442,1525628539.226208,1525628539.226208,0.963563,1.13645,-2.665198
443,443,1525628539.2362866,1525628539.2362866,0.956424,1.073541,-2.538454
444,444,1525628539.246005,1525628539.246005,0.955287,0.965853,-2.4352
445,445,1525628539.255836,1525628539.255836,0.925328,0.872144,-2.335851
446,446,1525628539.26588,1525628539.26588,0.8646379999999999,0.794547,-2.222289
447,447,1525628539.2765028,1525628539.2765028,0.785158,0.725542,-2.076566
448,448,1525628539.286274,1525628539.286274,0.701779,0.657606,-1.900994
449,449,1525628539.295744,1525628539.295744,0.619713,0.615237,-1.710535
450,450,1525628539.305656,1525628539.305656,0.54713,0.598414,-1.535093
451,451,1525628539.315798,1525628539.315798,0.482709,0.573042,-1.388489
452,452,1525628539.3255599,1525628539.3255599,0.407299,0.529609,-1.264102
453,453,1525628539.335767,1525628539.335767,0.336963,0.5330630000000001,-1.170642
454,454,1525628539.345524,1525628539.345524,0.270836,0.58127,-1.09107
455,455,1525628539.355624,1525628539.355624,0.20698000000000005,0.658241,-1.006202
456,456,1525628539.365706,1525628539.365706,0.145292,0.749059,-0.92136
457,457,1525628539.3755481,1525628539.3755481,0.085819,0.835601,-0.829095
458,458,1525628539.385928,1525628539.385928,0.043547,0.927394,-0.7274609999999999
459,459,1525628539.395574,1525628539.395574,0.010909,1.011685,-0.621688
460,460,1525628539.4055538,1525628539.4055538,-0.022873,1.049083,-0.512709
461,461,1525628539.415608,1525628539.415608,-0.066452,1.044959,-0.411062
462,462,1525628539.425514,1525628539.425514,-0.100513,1.0333370000000002,-0.314854
463,463,1525628539.435493,1525628539.435493,-0.11328699999999997,1.022692,-0.223163
464,464,1525628539.445471,1525628539.445471,-0.100665,1.001288,-0.14668399999999998
465,465,1525628539.455449,1525628539.455449,-0.061935,0.989386,-0.11842
466,466,1525628539.465523,1525628539.465523,0.055103999999999986,1.0453940000000002,-0.157103
467,467,1525628539.475408,1525628539.475408,0.188708,1.071505,-0.231113
468,468,1525628539.4853866,1525628539.4853866,0.189536,0.956431,-0.314146
469,469,1525628539.495364,1525628539.495364,0.137845,0.885292,-0.425274
470,470,1525628539.505417,1525628539.505417,0.072543,0.802475,-0.5128189999999999
471,471,1525628539.515325,1525628539.515325,0.015414,0.42754,-0.4833939999999999
472,472,1525628539.5253036,1525628539.5253036,0.065639,-0.07902,-0.287118
473,473,1525628539.5353858,1525628539.5353858,0.232978,-0.40814,0.025876
474,474,1525628539.54526,1525628539.54526,0.450815,-0.459287,0.31058600000000003
475,475,1525628539.55526,1525628539.55526,0.5342520000000001,-0.33071300000000003,0.388332
476,476,1525628539.565558,1525628539.565558,0.367278,-0.17006,0.226468
477,477,1525628539.575201,1525628539.575201,0.06174,0.101004,-0.032683
478,478,1525628539.585181,1525628539.585181,-0.135533,0.486669,-0.187783
479,479,1525628539.595158,1525628539.595158,-0.068467,0.729377,-0.163052
480,480,1525628539.605136,1525628539.605136,0.147152,0.631421,-0.049677
481,481,1525628539.6151161,1525628539.6151161,0.320734,0.352495,-0.020942
482,482,1525628539.625097,1525628539.625097,0.331879,0.19582,-0.124326
483,483,1525628539.634953,1525628539.634953,0.216075,0.178251,-0.253826
484,484,1525628539.645051,1525628539.645051,0.1034,0.157435,-0.30140900000000004
485,485,1525628539.655033,1525628539.655033,0.095422,0.066847,-0.23745300000000005
486,486,1525628539.66509,1525628539.66509,0.171445,-0.064631,-0.102149
487,487,1525628539.674903,1525628539.674903,0.258031,-0.170569,0.01919
488,488,1525628539.684973,1525628539.684973,0.276739,-0.187723,0.068986
489,489,1525628539.694948,1525628539.694948,0.23598400000000005,-0.142774,0.042877
490,490,1525628539.70493,1525628539.70493,0.17015,-0.11049,-0.024436000000000003
491,491,1525628539.7148714,1525628539.7148714,0.105539,-0.072888,-0.08005599999999999
492,492,1525628539.724886,1525628539.724886,0.078919,0.005035,-0.091436
493,493,1525628539.734866,1525628539.734866,0.082767,0.065751,-0.051035
494,494,1525628539.744844,1525628539.744844,0.097435,0.077385,0.011583
495,495,1525628539.754826,1525628539.754826,0.096837,0.092293,0.046715
496,496,1525628539.764837,1525628539.764837,0.07864,0.141404,0.032038
497,497,1525628539.7748039,1525628539.7748039,0.054759,0.191618,-0.011308
498,498,1525628539.784762,1525628539.784762,0.030751,0.211992,-0.058909
499,499,1525628539.7946134,1525628539.7946134,0.010163,0.220618,-0.08633099999999999
500,500,1525628539.804713,1525628539.804713,-0.010059,0.203647,-0.07863300000000001
501,501,1525628539.8147461,1525628539.8147461,-0.019378,0.165304,-0.047654
502,502,1525628539.8247552,1525628539.8247552,0.002263,0.124697,-0.014925
503,503,1525628539.834636,1525628539.834636,0.04622,0.070141,0.013272999999999998
504,504,1525628539.844634,1525628539.844634,0.089907,0.016662,0.019124
505,505,1525628539.8546169,1525628539.8546169,0.121494,-0.010104,-0.010001
506,506,1525628539.8646526,1525628539.8646526,0.12513,-0.001569,-0.063263
507,507,1525628539.875559,1525628539.875559,0.106287,0.018789,-0.124765
508,508,1525628539.884556,1525628539.884556,0.081333,0.050887,-0.164905
509,509,1525628539.894933,1525628539.894933,0.063215,0.094666,-0.172132
510,510,1525628539.9045134,1525628539.9045134,0.043378,0.111788,-0.139958
511,511,1525628539.9148731,1525628539.9148731,0.024667,0.08946599999999999,-0.095027
512,512,1525628539.924501,1525628539.924501,0.010151,0.033019,-0.049084
513,513,1525628539.934732,1525628539.934732,0.030799,-0.024641,-0.006764
514,514,1525628539.944453,1525628539.944453,0.101455,-0.084641,0.024301
515,515,1525628539.954407,1525628539.954407,0.17283900000000002,-0.164883,0.03194
516,516,1525628539.964475,1525628539.964475,0.183242,-0.15639,0.008397
517,517,1525628539.974682,1525628539.974682,0.13931300000000002,-0.048541,-0.028314
518,518,1525628539.984459,1525628539.984459,0.08279600000000001,0.061487,-0.047843
519,519,1525628539.9943562,1525628539.9943562,0.040466,0.116015,-0.030293
520,520,1525628540.0043368,1525628540.0043368,0.014353,0.078798,0.023243
521,521,1525628540.014184,1525628540.014184,5.600000000000001e-05,-0.041612,0.100048
522,522,1525628540.0242882,1525628540.0242882,0.04565,-0.139897,0.183571
523,523,1525628540.0342731,1525628540.0342731,0.172221,-0.243852,0.258654
524,524,1525628540.044245,1525628540.044245,0.298273,-0.38829,0.299682
525,525,1525628540.0542269,1525628540.0542269,0.337316,-0.451329,0.276851
526,526,1525628540.0641491,1525628540.0641491,0.32153200000000004,-0.393672,0.196155
527,527,1525628540.074195,1525628540.074195,0.304343,-0.304019,0.08141699999999999
528,528,1525628540.084354,1525628540.084354,0.277281,-0.276138,-0.042781
529,529,1525628540.094168,1525628540.094168,0.232906,-0.251371,-0.185926
530,530,1525628540.104073,1525628540.104073,0.157083,-0.196646,-0.289304
531,531,1525628540.113978,1525628540.113978,0.11438,-0.139971,-0.302617
532,532,1525628540.124082,1525628540.124082,0.160181,-0.118884,-0.226543
533,533,1525628540.1340618,1525628540.1340618,0.237188,-0.178947,-0.11253599999999997
534,534,1525628540.1447132,1525628540.1447132,0.290078,-0.236753,-0.051451
535,535,1525628540.154048,1525628540.154048,0.288906,-0.247403,-0.057824
536,536,1525628540.164,1525628540.164,0.245702,-0.23441,-0.103062
537,537,1525628540.173938,1525628540.173938,0.21647600000000006,-0.193766,-0.145278
538,538,1525628540.184119,1525628540.184119,0.220666,-0.125563,-0.16555
539,539,1525628540.193933,1525628540.193933,0.21850100000000006,-0.064796,-0.180422
540,540,1525628540.203917,1525628540.203917,0.191622,-0.001786,-0.209894
541,541,1525628540.213894,1525628540.213894,0.160436,0.082562,-0.246762
542,542,1525628540.223875,1525628540.223875,0.143278,0.130604,-0.263581
543,543,1525628540.233856,1525628540.233856,0.145599,0.127389,-0.247644
544,544,1525628540.243833,1525628540.243833,0.1727,0.147511,-0.217108
545,545,1525628540.253908,1525628540.253908,0.211619,0.164381,-0.179267
546,546,1525628540.263743,1525628540.263743,0.21948,0.138752,-0.142111
547,547,1525628540.27359,1525628540.27359,0.207981,0.129199,-0.120684
548,548,1525628540.2836769,1525628540.2836769,0.203801,0.14307,-0.116375
549,549,1525628540.293723,1525628540.293723,0.191082,0.145253,-0.109833
550,550,1525628540.303643,1525628540.303643,0.15292999999999998,0.137944,-0.087015
551,551,1525628540.313451,1525628540.313451,0.117129,0.128486,-0.046132
552,552,1525628540.323394,1525628540.323394,0.11574,0.139124,0.012425
553,553,1525628540.33336,1525628540.33336,0.15278,0.137872,0.074769
554,554,1525628540.343365,1525628540.343365,0.190517,0.076941,0.119009
555,555,1525628540.3533368,1525628540.3533368,0.193663,0.028964,0.124291
556,556,1525628540.363267,1525628540.363267,0.164345,0.017381999999999998,0.085268
557,557,1525628540.373222,1525628540.373222,0.129588,0.042068,0.030347
558,558,1525628540.383223,1525628540.383223,0.102551,0.094426,-0.009766
559,559,1525628540.3931859,1525628540.3931859,0.088692,0.13498800000000002,-0.017046000000000002
560,560,1525628540.403265,1525628540.403265,0.07614,0.177669,-0.005183
561,561,1525628540.413126,1525628540.413126,0.073292,0.240556,0.010819
562,562,1525628540.423161,1525628540.423161,0.06298,0.27363000000000004,0.033298
563,563,1525628540.4329991,1525628540.4329991,0.043004,0.266243,0.059086
564,564,1525628540.443034,1525628540.443034,0.043151,0.220403,0.08037000000000001
565,565,1525628540.453011,1525628540.453011,0.064525,0.177675,0.091815
566,566,1525628540.463048,1525628540.463048,0.085707,0.146679,0.08516900000000001
567,567,1525628540.473033,1525628540.473033,0.091766,0.15625899999999998,0.055293
568,568,1525628540.483026,1525628540.483026,0.076313,0.194716,0.005459
569,569,1525628540.492975,1525628540.492975,0.045883,0.21192,-0.043129
570,570,1525628540.503053,1525628540.503053,0.030423,0.232257,-0.089771
571,571,1525628540.513042,1525628540.513042,0.021417,0.294135,-0.140748
572,572,1525628540.523314,1525628540.523314,0.016562999999999998,0.373054,-0.204548
573,573,1525628540.533297,1525628540.533297,0.017411000000000003,0.421024,-0.23223
574,574,1525628540.5432699,1525628540.5432699,-0.004441,0.448811,-0.192581
575,575,1525628540.553253,1525628540.553253,-0.031151,0.463809,-0.111362
576,576,1525628540.563259,1525628540.563259,-0.019508,0.420022,-0.023164
577,577,1525628540.573209,1525628540.573209,0.025441,0.314301,0.009278
578,578,1525628540.583421,1525628540.583421,0.072725,0.1649,-0.020043
579,579,1525628540.593195,1525628540.593195,0.106159,0.044337,-0.053451
580,580,1525628540.603286,1525628540.603286,0.08704500000000001,0.023097,-0.041510000000000005
581,581,1525628540.613152,1525628540.613152,0.024918,0.094746,0.011406
582,582,1525628540.6232731,1525628540.6232731,-0.031606,0.200471,0.07915499999999999
583,583,1525628540.633092,1525628540.633092,-0.036145,0.24736100000000005,0.13455899999999998
584,584,1525628540.643147,1525628540.643147,-0.008089,0.222714,0.165081
585,585,1525628540.653033,1525628540.653033,0.017433,0.14266600000000002,0.174346
586,586,1525628540.662939,1525628540.662939,0.029891,0.046694,0.165676
587,587,1525628540.673018,1525628540.673018,0.033765,-0.006603,0.14434
588,588,1525628540.683214,1525628540.683214,0.03558,-0.003401,0.117709
589,589,1525628540.6929688,1525628540.6929688,0.029079,0.040332,0.10076
590,590,1525628540.703009,1525628540.703009,0.005658,0.086264,0.095726
591,591,1525628540.71292,1525628540.71292,-0.020904,0.151392,0.091795
592,592,1525628540.722776,1525628540.722776,-0.044295,0.225036,0.083569
593,593,1525628540.7329106,1525628540.7329106,-0.059282000000000015,0.262408,0.072045
594,594,1525628540.742855,1525628540.742855,-0.066838,0.268839,0.063623
595,595,1525628540.7530599,1525628540.7530599,-0.068999,0.252861,0.06471299999999999
596,596,1525628540.762835,1525628540.762835,-0.061552,0.202732,0.073135
597,597,1525628540.772833,1525628540.772833,-0.055033000000000006,0.155801,0.092213
598,598,1525628540.782738,1525628540.782738,-0.036614,0.101351,0.12604500000000002
599,599,1525628540.792757,1525628540.792757,-0.004379,0.046844,0.155451
600,600,1525628540.803016,1525628540.803016,0.026631,0.007272,0.168908
601,601,1525628540.8127198,1525628540.8127198,0.031832,-0.0098,0.161393
602,602,1525628540.822695,1525628540.822695,0.010306999999999998,-0.001174,0.144627
603,603,1525628540.832705,1525628540.832705,-0.0069180000000000005,0.025552,0.126744
604,604,1525628540.842673,1525628540.842673,-0.018853,0.055455,0.104539
605,605,1525628540.852651,1525628540.852651,-0.023308,0.06400800000000001,0.087564
606,606,1525628540.862607,1525628540.862607,-0.02244,0.052287,0.07371699999999999
607,607,1525628540.872587,1525628540.872587,-0.020422,0.03203,0.06837
608,608,1525628540.882516,1525628540.882516,-0.013985,0.020277,0.073612
609,609,1525628540.892567,1525628540.892567,0.001036,0.00209,0.08407200000000001
610,610,1525628540.902619,1525628540.902619,0.01384,-0.018217,0.088172
611,611,1525628540.912586,1525628540.912586,0.014771,-0.015018,0.076453
612,612,1525628540.922449,1525628540.922449,0.006068,0.006343,0.058466
613,613,1525628540.932551,1525628540.932551,0.000602,0.026623,0.043632
614,614,1525628540.942427,1525628540.942427,-0.00695,0.029856,0.036274
615,615,1525628540.952384,1525628540.952384,-0.004850999999999999,0.015991,0.036248
616,616,1525628540.962354,1525628540.962354,-0.003756,0.001063,0.041556
617,617,1525628540.972342,1525628540.972342,-0.004703,-0.00853,0.053275
618,618,1525628540.982415,1525628540.982415,-0.010877,-0.006381,0.07144500000000001
619,619,1525628540.992331,1525628540.992331,-0.012726,-0.00212,0.093819
620,620,1525628541.002312,1525628541.002312,-0.00513,-0.003222,0.10437
621,621,1525628541.012284,1525628541.012284,0.001152,-0.029892,0.100035
622,622,1525628541.022265,1525628541.022265,-0.000203,-0.051194,0.08089199999999999
623,623,1525628541.032341,1525628541.032341,0.004832,-0.040546,0.054222
624,624,1525628541.0421028,1525628541.0421028,0.004525,-0.017083,0.024424
625,625,1525628541.052208,1525628541.052208,-0.001164,-0.002123,-0.007436
626,626,1525628541.062184,1525628541.062184,-0.014199000000000003,0.024588,-0.031756
627,627,1525628541.072552,1525628541.072552,-0.026046,0.053422,-0.046512
628,628,1525628541.1137474,1525628541.1137474,0.021011,0.052152,-0.037508
629,629,1525628541.115314,1525628541.115314,0.07559199999999999,-0.020567,-0.00944
630,630,1525628541.116009,1525628541.116009,0.073685,-0.07599500000000001,0.020384
631,631,1525628541.116135,1525628541.116135,0.044103,-0.069484,0.043097
632,632,1525628541.122108,1525628541.122108,0.038913,-0.05880800000000001,0.05274
633,633,1525628541.1321619,1525628541.1321619,0.068564,-0.100497,0.042797
634,634,1525628541.142056,1525628541.142056,0.094768,-0.151754,0.014802
635,635,1525628541.151981,1525628541.151981,0.103986,-0.153911,-0.016178
636,636,1525628541.161985,1525628541.161985,0.089937,-0.105879,-0.040485
637,637,1525628541.1722472,1525628541.1722472,0.071792,-0.056770000000000015,-0.050905
638,638,1525628541.181924,1525628541.181924,0.066373,-0.038624,-0.061481
639,639,1525628541.191947,1525628541.191947,0.089628,-0.062164,-0.074539
640,640,1525628541.202347,1525628541.202347,0.121293,-0.110252,-0.093022
641,641,1525628541.211917,1525628541.211917,0.131665,-0.14013,-0.111244
642,642,1525628541.221901,1525628541.221901,0.110336,-0.120854,-0.114175
643,643,1525628541.231942,1525628541.231942,0.078661,-0.082359,-0.094628
644,644,1525628541.241872,1525628541.241872,0.072644,-0.07488600000000001,-0.064752
645,645,1525628541.253088,1525628541.253088,0.099511,-0.13256600000000002,-0.037409
646,646,1525628541.261841,1525628541.261841,0.12506,-0.201957,-0.028145
647,647,1525628541.271799,1525628541.271799,0.123966,-0.21794,-0.027068
648,648,1525628541.2818,1525628541.2818,0.099587,-0.191194,-0.019318
649,649,1525628541.292209,1525628541.292209,0.06675,-0.15908599999999998,-0.006143
650,650,1525628541.304133,1525628541.304133,0.065974,-0.142039,0.01409
651,651,1525628541.311789,1525628541.311789,0.081968,-0.15596300000000002,0.016022
652,652,1525628541.321692,1525628541.321692,0.082625,-0.163413,-0.015916999999999997
653,653,1525628541.33168,1525628541.33168,0.067197,-0.140945,-0.06043
654,654,1525628541.342828,1525628541.342828,0.041501,-0.083274,-0.079273
655,655,1525628541.352147,1525628541.352147,0.013147,-0.038402,-0.051251
656,656,1525628541.361495,1525628541.361495,0.008577,-0.040542,0.011602
657,657,1525628541.371506,1525628541.371506,0.023024,-0.08112899999999999,0.066771
658,658,1525628541.3814821,1525628541.3814821,0.048722,-0.148394,0.087741
659,659,1525628541.3944721,1525628541.3944721,0.069751,-0.20922800000000005,0.07471
660,660,1525628541.40182,1525628541.40182,0.078949,-0.234834,0.046923
661,661,1525628541.4115038,1525628541.4115038,0.07542599999999999,-0.207094,0.015036
662,662,1525628541.421495,1525628541.421495,0.058271,-0.141998,-0.004975
663,663,1525628541.433225,1525628541.433225,0.041173,-0.08010199999999999,-0.019665
664,664,1525628541.441561,1525628541.441561,0.026176,-0.036334,-0.033316000000000005
665,665,1525628541.45143,1525628541.45143,0.005769,-0.002133,-0.05116
666,666,1525628541.461414,1525628541.461414,-0.00603,0.013908000000000002,-0.059529999999999986
667,667,1525628541.473181,1525628541.473181,-0.004898,0.013900999999999998,-0.054222
668,668,1525628541.484176,1525628541.484176,-0.009049,-0.002075,-0.041399
669,669,1525628541.491401,1525628541.491401,-0.016455,-0.01377,-0.033859
670,670,1525628541.501325,1525628541.501325,-0.012175,-0.019119,-0.031782
671,671,1525628541.511294,1525628541.511294,-0.016395,-0.015905000000000002,-0.028538
672,672,1525628541.522488,1525628541.522488,-0.023738,-0.018009999999999998,-0.017804
673,673,1525628541.531316,1525628541.531316,-0.018287,-0.023367,-0.007228
674,674,1525628541.54126,1525628541.54126,-0.015065,-0.020184,-0.006203
675,675,1525628541.551301,1525628541.551301,-0.022559,-0.009492,-0.010368
676,676,1525628541.561763,1525628541.561763,-0.027871,0.009716,-0.012431
677,677,1525628541.571222,1525628541.571222,-0.033074,0.020393,-0.003852
678,678,1525628541.5812788,1525628541.5812788,-0.031859,0.017184,0.008905
679,679,1525628541.591157,1525628541.591157,-0.023382,0.009689,0.005608
680,680,1525628541.601164,1525628541.601164,-0.010659,-0.01168,0.003323
681,681,1525628541.612432,1525628541.612432,-0.001092,-0.025576,0.003206
682,682,1525628541.62109,1525628541.62109,0.0010550000000000002,-0.025586,0.004244
683,683,1525628541.6310608,1525628541.6310608,-0.0009789999999999998,-0.022383,0.011719
684,684,1525628541.641059,1525628541.641059,0.0066170000000000005,-0.023486,0.02227
685,685,1525628541.651553,1525628541.651553,0.01302,-0.022447,0.022192
686,686,1525628541.661186,1525628541.661186,0.010874,-0.022438,0.021153
687,687,1525628541.670998,1525628541.670998,0.008676999999999999,-0.02669,0.016923
688,688,1525628541.6809,1525628541.6809,0.010762,-0.020301,0.011576
689,689,1525628541.6909778,1525628541.6909778,0.00854,-0.008564,0.002024
690,690,1525628541.702649,1525628541.702649,0.004234,0.012774,-0.005372999999999999
691,691,1525628541.710907,1525628541.710907,0.002132,0.020243,-0.004283
692,692,1525628541.720887,1525628541.720887,0.004261,0.023432,-0.005372999999999999
693,693,1525628541.7308881,1525628541.7308881,0.005275,0.012771,-0.007515000000000002
694,694,1525628541.741524,1525628541.741524,0.0074189999999999985,0.001036,-0.004348
695,695,1525628541.750895,1525628541.750895,0.005423,-0.001092,0.007384
696,696,1525628541.760875,1525628541.760875,0.008676999999999999,-0.02136,0.015859
697,697,1525628541.770783,1525628541.770783,0.014089,-0.037375,0.025371
698,698,1525628541.780674,1525628541.780674,0.011992,-0.027774,0.026461
699,699,1525628541.7907429,1525628541.7907429,0.008865999999999999,-0.008577,0.028629
700,700,1525628541.800731,1525628541.800731,0.003563,-0.001094,0.029758
701,701,1525628541.810586,1525628541.810586,-0.000743,0.009584,0.02449
702,702,1525628541.820704,1525628541.820704,-0.001901,0.014922,0.015989
703,703,1525628541.831712,1525628541.831712,0.004292,0.020233,-0.002181
704,704,1525628541.8406868,1525628541.8406868,0.007331,0.023424,-0.016054
705,705,1525628541.8506188,1525628541.8506188,0.007311,0.036216000000000005,-0.020311000000000003
706,706,1525628541.860736,1525628541.860736,0.009505,0.044731,-0.017145
707,707,1525628541.87115,1525628541.87115,0.01059,0.046858,-0.016093
708,708,1525628541.885501,1525628541.885501,0.025453,0.03827,-0.020533000000000003
709,709,1525628541.8906472,1525628541.8906472,0.031775,0.022258,-0.023804
710,710,1525628541.900484,1525628541.900484,0.036045,0.017976,-0.022792
711,711,1525628541.910817,1525628541.910817,0.045649,0.013671,-0.021845
712,712,1525628541.925119,1525628541.925119,0.053161,0.01044,-0.01768
713,713,1525628541.930573,1525628541.930573,0.052146000000000005,0.010443,-0.01341
714,714,1525628541.940554,1525628541.940554,0.058529,0.002955,-0.013488
715,715,1525628541.9503698,1525628541.9503698,0.05963,0.006147,-0.011373
716,716,1525628541.963379,1525628541.963379,0.054397,0.010429,-0.003858
717,717,1525628541.975026,1525628541.975026,0.054468,0.007228,0.002527
718,718,1525628541.981109,1525628541.981109,0.055558,0.0008269999999999999,0.005707
719,719,1525628541.990558,1525628541.990558,0.055547000000000006,-0.008766,0.006770999999999999
720,720,1525628542.001738,1525628542.001738,0.051222,-0.010877,0.002566
721,721,1525628542.014245,1525628542.014245,0.042661,-0.000181,-0.001586
722,722,1525628542.020733,1525628542.020733,0.029891,0.002004,0.000699
723,723,1525628542.030366,1525628542.030366,0.025673,0.0062840000000000005,0.003944
724,724,1525628542.041847,1525628542.041847,0.023604,0.000961,0.010355
725,725,1525628542.053367,1525628542.053367,0.016111,0.011653,0.006189
726,726,1525628542.064913,1525628542.064913,-0.003168,0.028792,-0.003153
727,727,1525628542.070299,1525628542.070299,-0.024497,0.042739,-0.005021
728,728,1525628542.080423,1525628542.080423,-0.048914,0.043904,0.004857
729,729,1525628542.0905714,1525628542.0905714,-0.096823,0.06329,0.009701
730,730,1525628542.100704,1525628542.100704,-0.160728,0.100864,0.011548
731,731,1525628542.110195,1525628542.110195,-0.220264,0.158668,0.0176
732,732,1525628542.120378,1525628542.120378,-0.27439600000000003,0.222842,0.027843
733,733,1525628542.130031,1525628542.130031,-0.320101,0.285918,0.029469
734,734,1525628542.1400301,1525628542.1400301,-0.388371,0.368282,0.014341
735,735,1525628542.1499732,1525628542.1499732,-0.436407,0.462286,-0.0063560000000000005
736,736,1525628542.160073,1525628542.160073,-0.362748,0.469434,-0.005128
737,737,1525628542.170243,1525628542.170243,-0.083476,0.260406,0.013801
738,738,1525628542.1845038,1525628542.1845038,0.12482,-0.100725,0.018693
739,739,1525628542.190092,1525628542.190092,0.119869,-0.207269,-0.015309
740,740,1525628542.199869,1525628542.199869,0.005622,-0.03517,-0.056481
741,741,1525628542.20998,1525628542.20998,-0.066678,0.105827,-0.06410700000000001
742,742,1525628542.2201786,1525628542.2201786,-0.05896000000000001,0.096192,-0.04185
743,743,1525628542.229945,1525628542.229945,-0.015166999999999996,0.033116,-0.025358
744,744,1525628542.239925,1525628542.239925,0.011283,-0.013888,-0.034198
745,745,1525628542.249766,1525628542.249766,0.013194999999999998,-0.024547,-0.050187
746,746,1525628542.259883,1525628542.259883,0.011118,-0.033068,-0.043776
747,747,1525628542.269804,1525628542.269804,0.009196,-0.026672,-0.027787
748,748,1525628542.27988,1525628542.27988,0.009419,-0.010692,-0.012888
749,749,1525628542.289696,1525628542.289696,0.004189,-0.005344,-0.005372999999999999
750,750,1525628542.300091,1525628542.300091,-0.011899,0.012847,-0.015819
751,751,1525628542.309778,1525628542.309778,-0.025916,0.037428,-0.032677
752,752,1525628542.319816,1525628542.319816,-0.035593,0.054526,-0.042137
753,753,1525628542.3297439,1525628542.3297439,-0.037671,0.060929,-0.038919
754,754,1525628542.339715,1525628542.339715,-0.033149,0.048109,-0.015558
755,755,1525628542.349557,1525628542.349557,-0.030677,0.026768,0.016341
756,756,1525628542.3596768,1525628542.3596768,-0.024062,0.012876,0.036483
757,757,1525628542.369629,1525628542.369629,-0.012476,-0.005289,0.027826
758,758,1525628542.379614,1525628542.379614,-0.006379,-0.022358000000000003,0.006462999999999999
759,759,1525628542.389611,1525628542.389611,-0.010927,-0.009537,-0.019025
760,760,1525628542.3994632,1525628542.3994632,-0.025987,0.035299000000000004,-0.037998
761,761,1525628542.409574,1525628542.409574,-0.039903,0.073733,-0.049535
762,762,1525628542.419662,1525628542.419662,-0.044173,0.094003,-0.053739
763,763,1525628542.429492,1525628542.429492,-0.034621,0.084371,-0.055985
764,764,1525628542.439506,1525628542.439506,-0.026202,0.053428,-0.059282000000000015
765,765,1525628542.449228,1525628542.449228,-0.021973,0.022501,-0.056142
766,766,1525628542.4594634,1525628542.4594634,-0.006886,0.004311,-0.040361
767,767,1525628542.469552,1525628542.469552,0.01036,-0.013889,-0.022479
768,768,1525628542.479542,1525628542.479542,0.012561,-0.023494,-0.015055
769,769,1525628542.4893868,1525628542.4893868,-0.002382,1.9e-05,-0.020194
770,770,1525628542.499357,1525628542.499357,-0.013046,0.038437,-0.027513
771,771,1525628542.50941,1525628542.50941,-0.023821,0.053409000000000005,-0.039088
772,772,1525628542.5195198,1525628542.5195198,-0.033487,0.064112,-0.04642
773,773,1525628542.529311,1525628542.529311,-0.036677,0.068388,-0.046381
774,774,1525628542.539349,1525628542.539349,-0.036629,0.046002,-0.037867000000000005
775,775,1525628542.5491269,1525628542.5491269,-0.021577,0.013957,-0.022087
776,776,1525628542.559607,1525628542.559607,-0.011898,-0.018064,-0.009434
777,777,1525628542.56956,1525628542.56956,-0.00219,-0.033032,0.002154
778,778,1525628542.5791821,1525628542.5791821,0.004275999999999999,-0.033062,0.007397
779,779,1525628542.589276,1525628542.589276,0.0022140000000000003,-0.014935,0.009552
780,780,1525628542.599188,1525628542.599188,-0.006333,0.00642,0.004335
781,781,1525628542.609314,1525628542.609314,-0.016012000000000002,0.027782,-0.006189
782,782,1525628542.619295,1525628542.619295,-0.023641,0.036347,-0.020997
783,783,1525628542.629224,1525628542.629224,-0.027041000000000003,0.024644,-0.034792000000000003
784,784,1525628542.639172,1525628542.639172,-0.018572,0.013952,-0.038089
785,785,1525628542.649102,1525628542.649102,-0.01315,-0.003129,-0.027513
786,786,1525628542.659137,1525628542.659137,-0.004524,-0.008499,-0.019103
787,787,1525628542.669055,1525628542.669055,0.000868,-0.017051,-0.012783
788,788,1525628542.679201,1525628542.679201,0.001979,-0.020255,-0.00854
789,789,1525628542.6897461,1525628542.6897461,0.00621,-0.019206,-0.011784
790,790,1525628542.699022,1525628542.699022,0.005036,-0.009604,-0.022413
791,791,1525628542.709517,1525628542.709517,-0.000383,0.003213,-0.031926
792,792,1525628542.719068,1525628542.719068,-0.011059,0.01605,-0.034988
793,793,1525628542.7293608,1525628542.7293608,-0.01524,0.024592,-0.029615
794,794,1525628542.738821,1525628542.738821,-0.008756,0.010704,-0.020115
795,795,1525628542.749325,1525628542.749325,-0.003344,-0.0053100000000000005,-0.010603
796,796,1525628542.758892,1525628542.758892,-7.900000000000001e-05,-0.021315,-0.002128
797,797,1525628542.769635,1525628542.769635,0.005328,-0.028802,0.005256
798,798,1525628542.778981,1525628542.778981,0.008533,-0.037343,0.007345
799,799,1525628542.78901,1525628542.78901,0.007435,-0.039469,0.005229999999999999
800,800,1525628542.798791,1525628542.798791,0.00634,-0.02987,0.000986
801,801,1525628542.808823,1525628542.808823,0.00314,-0.008537999999999999,-0.003232
802,802,1525628542.8189301,1525628542.8189301,-0.00114,0.007469,-0.007436
803,803,1525628542.828744,1525628542.828744,-0.011858,0.008582,-0.011563
804,804,1525628542.8387141,1525628542.8387141,-0.015108000000000003,0.004334,-0.014716
805,805,1525628542.8487391,1525628542.8487391,-0.007716,4.2e-05,-0.020128
806,806,1525628542.858689,1525628542.858689,0.000789,-0.017048,-0.019169
807,807,1525628542.868834,1525628542.868834,0.0061,-0.026663,-0.019234
808,808,1525628542.8786528,1525628542.8786528,0.005028,-0.02346,-0.020285
809,809,1525628542.888623,1525628542.888623,-0.00141,-0.017036000000000003,-0.024464
810,810,1525628542.898546,1525628542.898546,0.099784,-0.002537,-0.041666
811,811,1525628542.908567,1525628542.908567,0.209109,-0.217227,-0.045139
812,812,1525628542.950857,1525628542.950857,0.049258,-0.09824,-0.052759
813,813,1525628542.95115,1525628542.95115,-0.108844,0.147558,-0.030595
814,814,1525628542.951277,1525628542.951277,-0.153921,0.195686,0.025305
815,815,1525628542.95152,1525628542.95152,-0.119525,0.099599,0.065327
816,816,1525628542.958427,1525628542.958427,-0.033295,-0.016944,0.072783
817,817,1525628542.968343,1525628542.968343,0.060979,-0.14736,0.042888
818,818,1525628542.978368,1525628542.978368,0.082682,-0.171942,-0.009531
819,819,1525628542.9882882,1525628542.9882882,0.026015,-0.090688,-0.035445
820,820,1525628542.998296,1525628542.998296,-0.028924,0.031038,-0.015611000000000003
821,821,1525628543.008248,1525628543.008248,-0.034839,0.095,0.011073
822,822,1525628543.0182312,1525628543.0182312,-0.01037,0.06718500000000001,0.010772
823,823,1525628543.028206,1525628543.028206,-0.003432,0.022407,-0.023373
824,824,1525628543.038185,1525628543.038185,-0.004951,0.013903,-0.058479
825,825,1525628543.048173,1525628543.048173,-0.010335,0.004334,-0.060542
826,826,1525628543.058024,1525628543.058024,-0.001467,-0.013836,-0.029785
827,827,1525628543.068124,1525628543.068124,0.005379999999999999,-0.023474,0.008448
828,828,1525628543.078104,1525628543.078104,0.013012,-0.030974,0.023256
829,829,1525628543.088111,1525628543.088111,0.016171,-0.026722000000000003,0.01896
830,830,1525628543.098109,1525628543.098109,0.008495,-0.010694,-0.001169
831,831,1525628543.1080801,1525628543.1080801,-0.001199,0.014933000000000004,-0.013822
832,832,1525628543.118021,1525628543.118021,-0.008754999999999999,0.032022,-0.024372
833,833,1525628543.12803,1525628543.12803,-0.010962,0.039496,-0.031795
834,834,1525628543.138066,1525628543.138066,-0.012091,0.035239,-0.036039
835,835,1525628543.148013,1525628543.148013,-0.009937,0.022438,-0.031809
836,836,1525628543.157967,1525628543.157967,-0.00982,0.011775,-0.020102
837,837,1525628543.167949,1525628543.167949,-0.004367,-0.003176,-0.007397
838,838,1525628543.177928,1525628543.177928,0.007409999999999998,-0.012819999999999998,-0.00222
839,839,1525628543.187931,1525628543.187931,0.007342,-0.019213,-0.006476999999999999
840,840,1525628543.197862,1525628543.197862,0.008302,-0.00962,-0.017131999999999998
841,841,1525628543.207861,1525628543.207861,0.005048,0.010648,-0.025606
842,842,1525628543.217739,1525628543.217739,0.000776,0.019194,-0.027682
843,843,1525628543.227818,1525628543.227818,-0.003489,0.020278,-0.02763
844,844,1525628543.237799,1525628543.237799,-0.001335,0.012806,-0.024464
845,845,1525628543.247813,1525628543.247813,0.007181,-0.0053490000000000005,-0.02244
846,846,1525628543.2577019,1525628543.2577019,0.012559,-0.019231,-0.01612
847,847,1525628543.2678,1525628543.2678,0.011551,-0.02669,-0.009721
848,848,1525628543.277718,1525628543.277718,0.006267,-0.022406,-0.006462999999999999
849,849,1525628543.287699,1525628543.287699,0.003048,-0.019194,-0.008553
850,850,1525628543.297681,1525628543.297681,0.0040950000000000005,-0.006407,-0.012823
851,851,1525628543.307654,1525628543.307654,0.0029920000000000003,-5e-06,-0.017066
852,852,1525628543.317633,1525628543.317633,-0.001286,0.006409000000000001,-0.019143
853,853,1525628543.327612,1525628543.327612,-0.001244,0.012803,-0.017013999999999998
854,854,1525628543.33763,1525628543.33763,-0.002324,0.002149,-0.015937
855,855,1525628543.347573,1525628543.347573,-0.002301,-0.004248,-0.012744
856,856,1525628543.357546,1525628543.357546,0.001966,-0.009595,-0.011732
857,857,1525628543.36753,1525628543.36753,0.005106,-0.023463,-0.0139
858,858,1525628543.377384,1525628543.377384,0.005000999999999999,-0.039448,-0.019221
859,859,1525628543.387486,1525628543.387486,0.027363,-0.040607,-0.022687
860,860,1525628543.4135199,1525628543.4135199,0.196085,-0.182028,0.016753999999999998
861,861,1525628543.414056,1525628543.414056,0.229266,-0.258918,0.040827
862,862,1525628543.418098,1525628543.418098,0.199277,-0.201228,0.019908
863,863,1525628543.427453,1525628543.427453,0.150927,-0.128528,-0.022073
864,864,1525628543.437642,1525628543.437642,0.137773,-0.117801,-0.052778
865,865,1525628543.4473839,1525628543.4473839,0.13228299999999998,-0.138024,-0.061226
866,866,1525628543.4578981,1525628543.4578981,0.103568,-0.122983,-0.056617
867,867,1525628543.467322,1525628543.467322,0.04733,-0.063064,-0.043155
868,868,1525628543.4772382,1525628543.4772382,-0.015175,0.019259,-0.02323
869,869,1525628543.487246,1525628543.487246,-0.07897,0.074949,-0.016062
870,870,1525628543.5005279,1525628543.5005279,-0.140833,0.112518,-0.02169
871,871,1525628543.50725,1525628543.50725,-0.217563,0.18852,-0.029264
872,872,1525628543.517145,1525628543.517145,-0.285683,0.283669,-0.034814
873,873,1525628543.5271964,1525628543.5271964,-0.2961,0.316747,-0.020849
874,874,1525628543.539234,1525628543.539234,-0.261754,0.263298,0.006403
875,875,1525628543.547215,1525628543.547215,-0.127466,0.087925,0.029235
876,876,1525628543.557149,1525628543.557149,0.042413,-0.11528800000000003,0.0016059999999999998
877,877,1525628543.567151,1525628543.567151,0.08759299999999999,-0.184738,-0.041523
878,878,1525628543.577092,1525628543.577092,0.003487,-0.04582,-0.054326
879,879,1525628543.587081,1525628543.587081,-0.080058,0.118657,-0.02669
880,880,1525628543.597047,1525628543.597047,-0.079653,0.134629,0.003107
881,881,1525628543.607031,1525628543.607031,-0.02974,0.042758,0.002494
882,882,1525628543.6170099,1525628543.6170099,0.004865,-0.041574,-0.029863
883,883,1525628543.626986,1525628543.626986,0.004582999999999999,-0.05009,-0.051147000000000005
884,884,1525628543.636924,1525628543.636924,-0.011182,-0.027647,-0.036052
885,885,1525628543.64691,1525628543.64691,-0.02024,-0.019102,0.006633
886,886,1525628543.656925,1525628543.656925,-0.018904,-0.021249,0.028968
887,887,1525628543.666814,1525628543.666814,-0.011569,-0.011682,0.016107
888,888,1525628543.67691,1525628543.67691,-0.012933000000000002,-0.010599,-0.008357
889,889,1525628543.68684,1525628543.68684,-0.016342,-0.005248,-0.026409
890,890,1525628543.696935,1525628543.696935,-0.019537,0.012886000000000002,-0.029563
891,891,1525628543.70685,1525628543.70685,-0.023684,0.024624,-0.022061
892,892,1525628543.716834,1525628543.716834,-0.025708,0.021431,-0.012457
893,893,1525628543.72682,1525628543.72682,-0.022432,0.015019,-0.005047
894,894,1525628543.7367759,1525628543.7367759,-0.02032,0.001154,-0.004009
895,895,1525628543.746769,1525628543.746769,-0.014986,-0.004198,-0.00301
896,896,1525628543.756753,1525628543.756753,-0.015007,-0.012725,-0.00301
897,897,1525628543.766731,1525628543.766731,-0.014071,-0.018053,-0.012601
898,898,1525628543.776707,1525628543.776707,-0.014167,-0.009522,-0.022179
899,899,1525628543.78669,1525628543.78669,-0.018465,0.009684,-0.028512
900,900,1525628543.796674,1525628543.796674,-0.022656,0.024621,-0.025267
901,901,1525628543.806647,1525628543.806647,-0.025807,0.028896,-0.022035
902,902,1525628543.816607,1525628543.816607,-0.02575,0.025696,-0.016714
903,903,1525628543.826482,1525628543.826482,-0.02256,0.010761,-0.014625
904,904,1525628543.836567,1525628543.836567,-0.016178,-0.002057,-0.013638999999999998
905,905,1525628543.846561,1525628543.846561,-0.009908,-0.018067,-0.021167
906,906,1525628543.8565712,1525628543.8565712,-0.007798,-0.022339,-0.022257
907,907,1525628543.8665302,1525628543.8665302,-0.009881,-0.0074090000000000015,-0.021167
908,908,1525628543.876557,1525628543.876557,-0.011946,0.014981,-0.020076
909,909,1525628543.886611,1525628543.886611,-0.021576,0.024616,-0.024216
910,910,1525628543.896335,1525628543.896335,-0.02053,0.032074,-0.027421
911,911,1525628543.906399,1525628543.906399,-0.014155,0.021389,-0.0275
912,912,1525628543.916544,1525628543.916544,-0.006679999999999999,0.003236,-0.023334
913,913,1525628543.926393,1525628543.926393,-0.002424,-0.011704,-0.021258000000000003
914,914,1525628543.93636,1525628543.93636,-0.000304,-0.017041999999999998,-0.021284
915,915,1525628543.946354,1525628543.946354,0.0008439999999999999,-0.015984,-0.014912
916,916,1525628543.9563339,1525628543.9563339,0.005227000000000001,-0.006414,-0.007515000000000002
917,917,1525628543.966379,1525628543.966379,0.005256,-0.0053490000000000005,-0.005386
918,918,1525628543.976292,1525628543.976292,-0.003323,0.003216,-0.010603
919,919,1525628543.9864,1525628543.9864,-0.0066560000000000005,0.012828,-0.023334
920,920,1525628543.996249,1525628543.996249,-0.00464,0.007495,-0.031874
921,921,1525628544.00629,1525628544.00629,-0.009935,0.012845,-0.02968
922,922,1525628544.016237,1525628544.016237,-0.015074,0.0075299999999999985,-0.012588
923,923,1525628544.0261881,1525628544.0261881,-0.005306,-0.014901,0.005386
924,924,1525628544.0362608,1525628544.0362608,0.0075,-0.034142,0.009486
925,925,1525628544.046139,1525628544.046139,0.012821,-0.044823,0.010485
926,926,1525628544.056127,1525628544.056127,0.01192,-0.02031,0.019012
927,927,1525628544.0661669,1525628544.0661669,0.01203,-0.007523,0.025397
928,928,1525628544.076067,1525628544.076067,0.01431,-0.006472,0.037077
929,929,1525628544.08644,1525628544.08644,0.017515,-0.025672000000000004,0.041295
930,930,1525628544.096004,1525628544.096004,0.022807,-0.037418,0.040166
931,931,1525628544.105985,1525628544.105985,0.029153,-0.043839,0.036895
932,932,1525628544.1160538,1525628544.1160538,0.032382,-0.042787,0.038984
933,933,1525628544.125943,1525628544.125943,0.022849,-0.020365,0.040166
934,934,1525628544.136328,1525628544.136328,0.012142,-0.00966,0.034975
935,935,1525628544.145777,1525628544.145777,0.022503,-0.002231,0.00824
936,936,1525628544.156074,1525628544.156074,0.025582,0.022276,-0.006698000000000001
937,937,1525628544.1664991,1525628544.1664991,0.025761000000000003,0.046785,0.002879
938,938,1525628544.1759222,1525628544.1759222,0.043051,0.020056,0.026083
939,939,1525628544.186594,1525628544.186594,0.088051,-0.018515,0.048947
940,940,1525628544.195841,1525628544.195841,0.131464,-0.108223,0.039899
941,941,1525628544.235873,1525628544.235873,0.13961700000000002,-0.177528,0.022767
942,942,1525628544.236603,1525628544.236603,0.131851,-0.187077,0.0005099999999999999
943,943,1525628544.237058,1525628544.237058,0.136181,-0.193493,0.006843000000000001
944,944,1525628544.237324,1525628544.237324,0.152634,-0.222359,0.049215
945,945,1525628544.2457519,1525628544.2457519,0.172471,-0.287486,0.113897
946,946,1525628544.255795,1525628544.255795,0.165476,-0.32797800000000005,0.160813
947,947,1525628544.265712,1525628544.265712,0.129364,-0.325699,0.174027
948,948,1525628544.275728,1525628544.275728,0.08981900000000001,-0.296749,0.162804
949,949,1525628544.285583,1525628544.285583,0.06501699999999999,-0.25613,0.133306
950,950,1525628544.2956526,1525628544.2956526,0.045488,-0.193147,0.094166
951,951,1525628544.305511,1525628544.305511,0.028015,-0.098192,0.042229
952,952,1525628544.315614,1525628544.315614,0.019111000000000003,-0.026725,-0.002363
953,953,1525628544.325599,1525628544.325599,0.0315,0.000951,-0.041895
954,954,1525628544.3360481,1525628544.3360481,0.076928,-0.016280000000000003,-0.075447
955,955,1525628544.348037,1525628544.348037,0.139453,-0.100737,-0.093244
956,956,1525628544.35554,1525628544.35554,0.168803,-0.153072,-0.12553499999999998
957,957,1525628544.365511,1525628544.365511,0.157743,-0.116769,-0.16477999999999998
958,958,1525628544.37551,1525628544.37551,0.164182,-0.080557,-0.16911500000000002
959,959,1525628544.38684,1525628544.38684,0.201001,-0.12337,-0.116349
960,960,1525628544.396599,1525628544.396599,0.207945,-0.17778,-0.061089
961,961,1525628544.405434,1525628544.405434,0.189153,-0.190507,-0.024671
962,962,1525628544.415447,1525628544.415447,0.179928,-0.227788,0.013758
963,963,1525628544.425442,1525628544.425442,0.185705,-0.30137600000000003,0.064774
964,964,1525628544.437314,1525628544.437314,0.192549,-0.369639,0.114713
965,965,1525628544.445401,1525628544.445401,0.17889000000000002,-0.4005,0.138295
966,966,1525628544.455327,1525628544.455327,0.163868,-0.398302,0.131028
967,967,1525628544.465209,1525628544.465209,0.15073599999999998,-0.363059,0.097131
968,968,1525628544.4751961,1525628544.4751961,0.117284,-0.274433,0.048582
969,969,1525628544.488226,1525628544.488226,0.06045,-0.123888,-0.005000999999999999
970,970,1525628544.495308,1525628544.495308,0.005907,0.03197,-0.046903
971,971,1525628544.5052269,1525628544.5052269,-0.03461,0.151523,-0.068755
972,972,1525628544.515213,1525628544.515213,-0.060095,0.235833,-0.075892
973,973,1525628544.525809,1525628544.525809,-0.05880800000000001,0.250742,-0.061006
974,974,1525628544.535343,1525628544.535343,-0.039255,0.202681,-0.02293
975,975,1525628544.5451539,1525628544.5451539,-0.012374,0.114089,0.011863
976,976,1525628544.555132,1525628544.555132,0.008846,0.009544,0.023308
977,977,1525628544.565145,1525628544.565145,0.017074000000000002,-0.06615900000000001,0.013626
978,978,1525628544.576237,1525628544.576237,0.015697,-0.106646,-0.0033880000000000004
979,979,1525628544.5851786,1525628544.5851786,0.010279,-0.114081,-0.008643999999999999
980,980,1525628544.594928,1525628544.594928,-0.0034659999999999995,-0.085248,-0.004218
981,981,1525628544.6050394,1525628544.6050394,-0.016165000000000002,-0.048957,-0.002997
982,982,1525628544.615001,1525628544.615001,-0.022567,-0.018019,-0.009304
983,983,1525628544.627322,1525628544.627322,-0.032295,0.004411,-0.024085
984,984,1525628544.634974,1525628544.634974,-0.036641,0.015092,-0.032546
985,985,1525628544.644933,1525628544.644933,-0.043083,0.019384,-0.036725
986,986,1525628544.654931,1525628544.654931,-0.052647,0.039676,-0.037672
987,987,1525628544.665462,1525628544.665462,-0.077099,0.053633000000000014,-0.033115
988,988,1525628544.6748712,1525628544.6748712,-0.101563,0.056932,-0.027494
989,989,1525628544.6848722,1525628544.6848722,-0.142011,0.089077,-0.025934
990,990,1525628544.694844,1525628544.694844,-0.196244,0.12341,-0.017819
991,991,1525628544.704836,1525628544.704836,-0.271949,0.182354,-0.025406
992,992,1525628544.715866,1525628544.715866,-0.35620300000000005,0.288236,-0.04353
993,993,1525628544.724863,1525628544.724863,-0.415854,0.378021,-0.053442
994,994,1525628544.735599,1525628544.735599,-0.451379,0.4176220000000001,-0.087065
